id,cost
mc_ID_4189,0
mc_ID_640,0
mc_ID_187,0
mc_ID_6169,0
mc_ID_19250,0
mc_ID_3219,0
mc_ID_7723,0
mc_ID_4630,0
mc_ID_7656,0
mc_ID_13222,0
mc_ID_8288,0
mc_ID_12216,0
mc_ID_5856,0
mc_ID_14495,0
mc_ID_9727,0
mc_ID_3437,0
mc_ID_2955,0
mc_ID_5712,0
mc_ID_11885,0
mc_ID_6493,0
mc_ID_6742,0
mc_ID_8604,0
mc_ID_4834,0
mc_ID_16515,0
mc_ID_5559,0
mc_ID_9235,0
mc_ID_1546,0
mc_ID_9080,0
mc_ID_15179,0
mc_ID_12266,0
mc_ID_9015,0
mc_ID_4973,0
mc_ID_393,0
mc_ID_13329,0
mc_ID_5579,0
mc_ID_18980,0
mc_ID_7451,0
mc_ID_10564,0
mc_ID_10678,0
mc_ID_8912,0
mc_ID_8985,0
mc_ID_1405,0
mc_ID_14421,0
mc_ID_6082,0
mc_ID_10011,0
mc_ID_12900,0
mc_ID_6437,0
mc_ID_10939,0
mc_ID_1341,0
mc_ID_9666,0
mc_ID_10424,0
mc_ID_7730,0
mc_ID_11542,0
mc_ID_1450,0
mc_ID_6882,0
mc_ID_9658,0
mc_ID_7310,0
mc_ID_18625,0
mc_ID_13861,0
mc_ID_2009,0
mc_ID_9124,0
mc_ID_3560,0
mc_ID_7070,0
mc_ID_6453,0
mc_ID_427,0
mc_ID_11978,0
mc_ID_8314,0
mc_ID_10651,0
mc_ID_14896,0
mc_ID_2000,0
mc_ID_9535,0
mc_ID_4795,0
mc_ID_16747,0
mc_ID_5886,0
mc_ID_8293,0
mc_ID_6614,0
mc_ID_785,0
mc_ID_4666,0
mc_ID_18269,0
mc_ID_4208,0
mc_ID_3320,0
mc_ID_9522,0
mc_ID_3778,0
mc_ID_1859,0
mc_ID_7201,0
mc_ID_13869,0
mc_ID_8856,0
mc_ID_12881,0
mc_ID_18908,0
mc_ID_5044,0
mc_ID_2485,0
mc_ID_15490,0
mc_ID_2410,0
mc_ID_17042,0
mc_ID_7605,0
mc_ID_9345,0
mc_ID_9788,0
mc_ID_6338,0
mc_ID_9754,0
mc_ID_12152,0
mc_ID_14793,0
mc_ID_8149,0
mc_ID_303,0
mc_ID_5875,0
mc_ID_1384,0
mc_ID_16419,0
mc_ID_8183,0
mc_ID_4598,0
mc_ID_8472,0
mc_ID_11409,0
mc_ID_4859,0
mc_ID_5855,0
mc_ID_12569,0
mc_ID_18581,0
mc_ID_12071,0
mc_ID_5821,0
mc_ID_8589,0
mc_ID_10499,0
mc_ID_3770,0
mc_ID_3785,0
mc_ID_2732,0
mc_ID_13032,0
mc_ID_4745,0
mc_ID_10986,0
mc_ID_398,0
mc_ID_5023,0
mc_ID_9069,0
mc_ID_16343,0
mc_ID_3353,0
mc_ID_10739,0
mc_ID_3883,0
mc_ID_4676,0
mc_ID_9296,0
mc_ID_12879,0
mc_ID_7874,0
mc_ID_11518,0
mc_ID_628,0
mc_ID_4017,0
mc_ID_11672,0
mc_ID_1012,0
mc_ID_5770,0
mc_ID_2661,0
mc_ID_2074,0
mc_ID_12511,0
mc_ID_2500,0
mc_ID_11339,0
mc_ID_7459,0
mc_ID_8949,0
mc_ID_17046,0
mc_ID_15277,0
mc_ID_970,0
mc_ID_8348,0
mc_ID_7609,0
mc_ID_8916,0
mc_ID_1797,0
mc_ID_5259,0
mc_ID_5329,0
mc_ID_12782,0
mc_ID_12420,0
mc_ID_19358,0
mc_ID_10185,0
mc_ID_15711,0
mc_ID_4087,0
mc_ID_18744,0
mc_ID_14541,0
mc_ID_13767,0
mc_ID_8584,0
mc_ID_16036,0
mc_ID_6752,0
mc_ID_1921,0
mc_ID_6527,0
mc_ID_10755,0
mc_ID_10095,0
mc_ID_1690,0
mc_ID_2698,0
mc_ID_4888,0
mc_ID_11557,0
mc_ID_205,0
mc_ID_12473,0
mc_ID_6947,0
mc_ID_13614,0
mc_ID_556,0
mc_ID_11913,0
mc_ID_14019,0
mc_ID_3874,0
mc_ID_2075,0
mc_ID_11825,0
mc_ID_6932,0
mc_ID_12016,0
mc_ID_2891,0
mc_ID_17798,0
mc_ID_13223,0
mc_ID_7307,0
mc_ID_15302,0
mc_ID_4280,0
mc_ID_2511,0
mc_ID_3083,0
mc_ID_4692,0
mc_ID_15435,0
mc_ID_267,0
mc_ID_7942,0
mc_ID_9392,0
mc_ID_18031,0
mc_ID_745,0
mc_ID_18540,0
mc_ID_14081,0
mc_ID_17125,0
mc_ID_7195,0
mc_ID_19020,0
mc_ID_10538,0
mc_ID_15871,0
mc_ID_14473,0
mc_ID_1008,0
mc_ID_877,0
mc_ID_18644,0
mc_ID_12316,0
mc_ID_3361,0
mc_ID_356,0
mc_ID_3953,0
mc_ID_13083,0
mc_ID_2534,0
mc_ID_7237,0
mc_ID_16255,0
mc_ID_3607,0
mc_ID_14132,0
mc_ID_11030,0
mc_ID_2852,0
mc_ID_6721,0
mc_ID_17041,0
mc_ID_15534,0
mc_ID_307,0
mc_ID_14210,0
mc_ID_7321,0
mc_ID_9175,0
mc_ID_7883,0
mc_ID_3169,0
mc_ID_6303,0
mc_ID_15817,0
mc_ID_3146,0
mc_ID_9272,0
mc_ID_8344,0
mc_ID_2007,0
mc_ID_6224,0
mc_ID_2350,0
mc_ID_16334,0
mc_ID_4932,0
mc_ID_2440,0
mc_ID_5912,0
mc_ID_9289,0
mc_ID_3145,0
mc_ID_6002,0
mc_ID_3854,0
mc_ID_8468,0
mc_ID_2690,0
mc_ID_7659,0
mc_ID_13675,0
mc_ID_17112,0
mc_ID_11177,0
mc_ID_12460,0
mc_ID_11178,0
mc_ID_18553,0
mc_ID_10532,0
mc_ID_3450,0
mc_ID_7103,0
mc_ID_17706,0
mc_ID_14020,0
mc_ID_16584,0
mc_ID_14228,0
mc_ID_18423,0
mc_ID_13229,0
mc_ID_3660,0
mc_ID_8287,0
mc_ID_15859,0
mc_ID_16150,0
mc_ID_11197,0
mc_ID_14089,0
mc_ID_4906,0
mc_ID_3148,0
mc_ID_15276,0
mc_ID_11903,0
mc_ID_15064,0
mc_ID_15294,0
mc_ID_13051,0
mc_ID_1855,0
mc_ID_19111,0
mc_ID_10801,0
mc_ID_6586,0
mc_ID_12714,0
mc_ID_14799,0
mc_ID_6529,0
mc_ID_9460,0
mc_ID_18035,0
mc_ID_1545,0
mc_ID_2905,0
mc_ID_4924,0
mc_ID_14767,0
mc_ID_2643,0
mc_ID_512,0
mc_ID_1497,0
mc_ID_2798,0
mc_ID_9597,0
mc_ID_12717,0
mc_ID_5370,0
mc_ID_2679,0
mc_ID_1651,0
mc_ID_9169,0
mc_ID_12037,0
mc_ID_18947,0
mc_ID_676,0
mc_ID_7793,0
mc_ID_9469,0
mc_ID_6036,0
mc_ID_7216,0
mc_ID_11384,0
mc_ID_18177,0
mc_ID_2585,0
mc_ID_8963,0
mc_ID_11395,0
mc_ID_2962,0
mc_ID_6901,0
mc_ID_7105,0
mc_ID_9006,0
mc_ID_16282,0
mc_ID_13170,0
mc_ID_12875,0
mc_ID_19241,0
mc_ID_9479,0
mc_ID_17344,0
mc_ID_10368,0
mc_ID_4028,0
mc_ID_15296,0
mc_ID_6093,0
mc_ID_6718,0
mc_ID_15473,0
mc_ID_11457,0
mc_ID_10603,0
mc_ID_129,0
mc_ID_1134,0
mc_ID_4294,0
mc_ID_2920,0
mc_ID_2198,0
mc_ID_9671,0
mc_ID_19145,0
mc_ID_16091,0
mc_ID_4789,0
mc_ID_9171,0
mc_ID_5542,0
mc_ID_6428,0
mc_ID_9402,0
mc_ID_18231,0
mc_ID_9918,0
mc_ID_15088,0
mc_ID_18552,0
mc_ID_2730,0
mc_ID_12902,0
mc_ID_19389,0
mc_ID_4139,0
mc_ID_15769,0
mc_ID_14761,0
mc_ID_14179,0
mc_ID_17775,0
mc_ID_6639,0
mc_ID_4440,0
mc_ID_13724,0
mc_ID_8889,0
mc_ID_844,0
mc_ID_1780,0
mc_ID_3847,0
mc_ID_3234,0
mc_ID_3357,0
mc_ID_12321,0
mc_ID_5861,0
mc_ID_7884,0
mc_ID_14277,0
mc_ID_9879,0
mc_ID_5255,0
mc_ID_18850,0
mc_ID_5769,0
mc_ID_10319,0
mc_ID_13918,0
mc_ID_2521,0
mc_ID_5681,0
mc_ID_7466,0
mc_ID_943,0
mc_ID_15026,0
mc_ID_14903,0
mc_ID_1566,0
mc_ID_9554,0
mc_ID_15364,0
mc_ID_6113,0
mc_ID_13956,0
mc_ID_17611,0
mc_ID_11662,0
mc_ID_8014,0
mc_ID_18943,0
mc_ID_13964,0
mc_ID_15677,0
mc_ID_9470,0
mc_ID_10331,0
mc_ID_14142,0
mc_ID_11948,0
mc_ID_16888,0
mc_ID_10089,0
mc_ID_73,0
mc_ID_1093,0
mc_ID_7027,0
mc_ID_15458,0
mc_ID_19098,0
mc_ID_12058,0
mc_ID_18782,0
mc_ID_7455,0
mc_ID_767,0
mc_ID_13031,0
mc_ID_7183,0
mc_ID_6403,0
mc_ID_2060,0
mc_ID_11199,0
mc_ID_14650,0
mc_ID_6106,0
mc_ID_1808,0
mc_ID_17365,0
mc_ID_3958,0
mc_ID_10383,0
mc_ID_5089,0
mc_ID_10848,0
mc_ID_7520,0
mc_ID_12204,0
mc_ID_2568,0
mc_ID_8251,0
mc_ID_18961,0
mc_ID_12964,0
mc_ID_8099,0
mc_ID_9979,0
mc_ID_12731,0
mc_ID_9174,0
mc_ID_15609,0
mc_ID_8894,0
mc_ID_2640,0
mc_ID_14084,0
mc_ID_8607,0
mc_ID_19379,0
mc_ID_2188,0
mc_ID_5022,0
mc_ID_5801,0
mc_ID_7313,0
mc_ID_8167,0
mc_ID_16555,0
mc_ID_5073,0
mc_ID_14394,0
mc_ID_7627,0
mc_ID_2392,0
mc_ID_14573,0
mc_ID_13255,0
mc_ID_14689,0
mc_ID_3516,0
mc_ID_1435,0
mc_ID_381,0
mc_ID_3982,0
mc_ID_8623,0
mc_ID_246,0
mc_ID_5053,0
mc_ID_19100,0
mc_ID_19211,0
mc_ID_15990,0
mc_ID_15010,0
mc_ID_9712,0
mc_ID_13967,0
mc_ID_9429,0
mc_ID_13002,0
mc_ID_4286,0
mc_ID_18923,0
mc_ID_18093,0
mc_ID_7701,0
mc_ID_12491,0
mc_ID_351,0
mc_ID_10528,0
mc_ID_14482,0
mc_ID_10013,0
mc_ID_5180,0
mc_ID_15812,0
mc_ID_12715,0
mc_ID_8493,0
mc_ID_7932,0
mc_ID_4829,0
mc_ID_16149,0
mc_ID_18452,0
mc_ID_5647,0
mc_ID_2517,0
mc_ID_18209,0
mc_ID_13893,0
mc_ID_13892,0
mc_ID_2883,0
mc_ID_9452,0
mc_ID_9854,0
mc_ID_16812,0
mc_ID_12317,0
mc_ID_4071,0
mc_ID_2822,0
mc_ID_5586,0
mc_ID_7457,0
mc_ID_8792,0
mc_ID_16955,0
mc_ID_12812,0
mc_ID_5013,0
mc_ID_15388,0
mc_ID_4808,0
mc_ID_5710,0
mc_ID_3188,0
mc_ID_5280,0
mc_ID_5695,0
mc_ID_15462,0
mc_ID_5965,0
mc_ID_10252,0
mc_ID_15061,0
mc_ID_15997,0
mc_ID_17670,0
mc_ID_6591,0
mc_ID_3442,0
mc_ID_11956,0
mc_ID_4991,0
mc_ID_3186,0
mc_ID_9084,0
mc_ID_9494,0
mc_ID_9868,0
mc_ID_7658,0
mc_ID_16516,0
mc_ID_7498,0
mc_ID_17008,0
mc_ID_5451,0
mc_ID_17342,0
mc_ID_980,0
mc_ID_5707,0
mc_ID_14630,0
mc_ID_11134,0
mc_ID_4900,0
mc_ID_12062,0
mc_ID_15899,0
mc_ID_2917,0
mc_ID_8525,0
mc_ID_9991,0
mc_ID_4845,0
mc_ID_17903,0
mc_ID_7629,0
mc_ID_6041,0
mc_ID_7651,0
mc_ID_12910,0
mc_ID_16260,0
mc_ID_8683,0
mc_ID_9649,0
mc_ID_11038,0
mc_ID_1206,0
mc_ID_14733,0
mc_ID_10380,0
mc_ID_6185,0
mc_ID_12750,0
mc_ID_9887,0
mc_ID_3890,0
mc_ID_9448,0
mc_ID_17770,0
mc_ID_126,0
mc_ID_5317,0
mc_ID_5050,0
mc_ID_18902,0
mc_ID_8401,0
mc_ID_8426,0
mc_ID_12296,0
mc_ID_8335,0
mc_ID_2296,0
mc_ID_13748,0
mc_ID_13374,0
mc_ID_1650,0
mc_ID_15659,0
mc_ID_2865,0
mc_ID_13790,0
mc_ID_5562,0
mc_ID_3065,0
mc_ID_13190,0
mc_ID_15600,0
mc_ID_14321,0
mc_ID_8857,0
mc_ID_11318,0
mc_ID_2922,0
mc_ID_13856,0
mc_ID_847,0
mc_ID_15823,0
mc_ID_2876,0
mc_ID_19257,0
mc_ID_16201,0
mc_ID_7798,0
mc_ID_18630,0
mc_ID_574,0
mc_ID_9631,0
mc_ID_7843,0
mc_ID_15160,0
mc_ID_12170,0
mc_ID_13299,0
mc_ID_2406,0
mc_ID_6107,0
mc_ID_8495,0
mc_ID_14058,0
mc_ID_11528,0
mc_ID_9653,0
mc_ID_14254,0
mc_ID_3295,0
mc_ID_4703,0
mc_ID_153,0
mc_ID_14398,0
mc_ID_17169,0
mc_ID_1592,0
mc_ID_15761,0
mc_ID_4558,0
mc_ID_11877,0
mc_ID_6028,0
mc_ID_2516,0
mc_ID_6207,0
mc_ID_6987,0
mc_ID_6788,0
mc_ID_12391,0
mc_ID_14087,0
mc_ID_1594,0
mc_ID_8254,0
mc_ID_5706,0
mc_ID_19134,0
mc_ID_8633,0
mc_ID_11982,0
mc_ID_13600,0
mc_ID_7518,0
mc_ID_5691,0
mc_ID_16353,0
mc_ID_4437,0
mc_ID_7462,0
mc_ID_17559,0
mc_ID_13857,0
mc_ID_7088,0
mc_ID_2663,0
mc_ID_11792,0
mc_ID_16583,0
mc_ID_6480,0
mc_ID_3230,0
mc_ID_7280,0
mc_ID_18233,0
mc_ID_3099,0
mc_ID_4046,0
mc_ID_11041,0
mc_ID_18956,0
mc_ID_15423,0
mc_ID_3031,0
mc_ID_14975,0
mc_ID_12924,0
mc_ID_17882,0
mc_ID_2936,0
mc_ID_5232,0
mc_ID_6434,0
mc_ID_12705,0
mc_ID_16709,0
mc_ID_16862,0
mc_ID_6708,0
mc_ID_14193,0
mc_ID_439,0
mc_ID_16863,0
mc_ID_7960,0
mc_ID_1328,0
mc_ID_8833,0
mc_ID_18089,0
mc_ID_17878,0
mc_ID_6783,0
mc_ID_13080,0
mc_ID_10347,0
mc_ID_11165,0
mc_ID_11393,0
mc_ID_8523,0
mc_ID_16426,0
mc_ID_15133,0
mc_ID_6812,0
mc_ID_9526,0
mc_ID_2251,0
mc_ID_3439,0
mc_ID_14825,0
mc_ID_1911,0
mc_ID_13717,0
mc_ID_16281,0
mc_ID_14564,0
mc_ID_6910,0
mc_ID_7099,0
mc_ID_8342,0
mc_ID_17077,0
mc_ID_9368,0
mc_ID_11998,0
mc_ID_16941,0
mc_ID_10864,0
mc_ID_458,0
mc_ID_13256,0
mc_ID_8549,0
mc_ID_14871,0
mc_ID_3509,0
mc_ID_18706,0
mc_ID_2833,0
mc_ID_1685,0
mc_ID_2773,0
mc_ID_8815,0
mc_ID_15671,0
mc_ID_1361,0
mc_ID_2712,0
mc_ID_7036,0
mc_ID_1212,0
mc_ID_5042,0
mc_ID_12283,0
mc_ID_10086,0
mc_ID_9950,0
mc_ID_399,0
mc_ID_10593,0
mc_ID_15368,0
mc_ID_11025,0
mc_ID_7833,0
mc_ID_13025,0
mc_ID_15777,0
mc_ID_8610,0
mc_ID_1288,0
mc_ID_159,0
mc_ID_9251,0
mc_ID_17197,0
mc_ID_5179,0
mc_ID_19088,0
mc_ID_2847,0
mc_ID_7160,0
mc_ID_10866,0
mc_ID_8717,0
mc_ID_3379,0
mc_ID_14396,0
mc_ID_11432,0
mc_ID_11047,0
mc_ID_18137,0
mc_ID_544,0
mc_ID_2551,0
mc_ID_2371,0
mc_ID_1223,0
mc_ID_12158,0
mc_ID_110,0
mc_ID_3532,0
mc_ID_15613,0
mc_ID_12157,0
mc_ID_6688,0
mc_ID_13594,0
mc_ID_11378,0
mc_ID_13735,0
mc_ID_17214,0
mc_ID_10266,0
mc_ID_17638,0
mc_ID_13868,0
mc_ID_10173,0
mc_ID_13442,0
mc_ID_18338,0
mc_ID_12855,0
mc_ID_3748,0
mc_ID_4539,0
mc_ID_19312,0
mc_ID_2221,0
mc_ID_6962,0
mc_ID_1141,0
mc_ID_18072,0
mc_ID_3580,0
mc_ID_8603,0
mc_ID_19048,0
mc_ID_11633,0
mc_ID_14955,0
mc_ID_7586,0
mc_ID_874,0
mc_ID_2676,0
mc_ID_4249,0
mc_ID_11643,0
mc_ID_4990,0
mc_ID_10385,0
mc_ID_2050,0
mc_ID_11767,0
mc_ID_16480,0
mc_ID_6891,0
mc_ID_13618,0
mc_ID_10008,0
mc_ID_3649,0
mc_ID_1716,0
mc_ID_1568,0
mc_ID_2529,0
mc_ID_10544,0
mc_ID_5599,0
mc_ID_14316,0
mc_ID_9077,0
mc_ID_8285,0
mc_ID_15594,0
mc_ID_8783,0
mc_ID_6331,0
mc_ID_11911,0
mc_ID_17420,0
mc_ID_7171,0
mc_ID_10887,0
mc_ID_6877,0
mc_ID_5111,0
mc_ID_6809,0
mc_ID_14433,0
mc_ID_11757,0
mc_ID_7574,0
mc_ID_2620,0
mc_ID_12909,0
mc_ID_13644,0
mc_ID_9782,0
mc_ID_7613,0
mc_ID_7689,0
mc_ID_18151,0
mc_ID_16926,0
mc_ID_18217,0
mc_ID_15028,0
mc_ID_5979,0
mc_ID_15877,0
mc_ID_16735,0
mc_ID_14598,0
mc_ID_10690,0
mc_ID_14762,0
mc_ID_3819,0
mc_ID_11657,0
mc_ID_13390,0
mc_ID_6313,0
mc_ID_9327,0
mc_ID_9206,0
mc_ID_1286,0
mc_ID_4165,0
mc_ID_6177,0
mc_ID_16381,0
mc_ID_5184,0
mc_ID_6105,0
mc_ID_18401,0
mc_ID_1707,0
mc_ID_211,0
mc_ID_9624,0
mc_ID_6829,0
mc_ID_5224,0
mc_ID_3073,0
mc_ID_10303,0
mc_ID_14633,0
mc_ID_7134,0
mc_ID_5506,0
mc_ID_13141,0
mc_ID_5994,0
mc_ID_10183,0
mc_ID_17399,0
mc_ID_8721,0
mc_ID_4171,0
mc_ID_6780,0
mc_ID_12818,0
mc_ID_16209,0
mc_ID_1004,0
mc_ID_924,0
mc_ID_9085,0
mc_ID_6435,0
mc_ID_3079,0
mc_ID_2700,0
mc_ID_14120,0
mc_ID_7336,0
mc_ID_17271,0
mc_ID_15053,0
mc_ID_18042,0
mc_ID_9072,0
mc_ID_5037,0
mc_ID_15744,0
mc_ID_4213,0
mc_ID_10369,0
mc_ID_109,0
mc_ID_11585,0
mc_ID_15743,0
mc_ID_4106,0
mc_ID_13519,0
mc_ID_8016,0
mc_ID_15086,0
mc_ID_1187,0
mc_ID_1214,0
mc_ID_3562,0
mc_ID_7671,0
mc_ID_6225,0
mc_ID_7258,0
mc_ID_16335,0
mc_ID_8651,0
mc_ID_12787,0
mc_ID_3316,0
mc_ID_10549,0
mc_ID_9793,0
mc_ID_3448,0
mc_ID_16593,0
mc_ID_1225,0
mc_ID_18966,0
mc_ID_17543,0
mc_ID_8223,0
mc_ID_7554,0
mc_ID_12543,0
mc_ID_4561,0
mc_ID_13642,0
mc_ID_1289,0
mc_ID_13814,0
mc_ID_3992,0
mc_ID_3283,0
mc_ID_8147,0
mc_ID_2720,0
mc_ID_18884,0
mc_ID_4664,0
mc_ID_11423,0
mc_ID_12341,0
mc_ID_18846,0
mc_ID_17167,0
mc_ID_18435 ,0
mc_ID_8565,0
mc_ID_11091,0
mc_ID_7694,0
mc_ID_60,0
mc_ID_1833,0
mc_ID_4945,0
mc_ID_19187,0
mc_ID_6550,0
mc_ID_9415,0
mc_ID_16622,0
mc_ID_7374,0
mc_ID_2958,0
mc_ID_18729,0
mc_ID_11480,0
mc_ID_7738,0
mc_ID_9531,0
mc_ID_1620,0
mc_ID_2982,0
mc_ID_14667,0
mc_ID_1677,0
mc_ID_2358,0
mc_ID_19000,0
mc_ID_9930,0
mc_ID_18268,0
mc_ID_14069,0
mc_ID_7936,0
mc_ID_1320,0
mc_ID_9562,0
mc_ID_7381,0
mc_ID_11070,0
mc_ID_6154,0
mc_ID_5491,0
mc_ID_14837,0
mc_ID_15017,0
mc_ID_12433,0
mc_ID_12886,0
mc_ID_6218,0
mc_ID_7074,0
mc_ID_4778,0
mc_ID_1604,0
mc_ID_10850,0
mc_ID_13894,0
mc_ID_16757,0
mc_ID_17780,0
mc_ID_8880,0
mc_ID_1156,0
mc_ID_11730,0
mc_ID_8914,0
mc_ID_9984,0
mc_ID_14053,0
mc_ID_4327,0
mc_ID_10049,0
mc_ID_1830,0
mc_ID_18083,0
mc_ID_10115,0
mc_ID_11353,0
mc_ID_8284,0
mc_ID_13669,0
mc_ID_13560,0
mc_ID_5859,0
mc_ID_16511,0
mc_ID_4899,0
mc_ID_7912,0
mc_ID_14721,0
mc_ID_7145,0
mc_ID_15155,0
mc_ID_17586,0
mc_ID_8336,0
mc_ID_17288,0
mc_ID_12292,0
mc_ID_16144,0
mc_ID_10487,0
mc_ID_3967,0
mc_ID_2717,0
mc_ID_11791,0
mc_ID_1761,0
mc_ID_3577,0
mc_ID_19419,0
mc_ID_12324,0
mc_ID_9292,0
mc_ID_6372,0
mc_ID_6940,0
mc_ID_17294,0
mc_ID_17326,0
mc_ID_8413,0
mc_ID_4606,0
mc_ID_17143,0
mc_ID_5015,0
mc_ID_6896,0
mc_ID_13785,0
mc_ID_9451,0
mc_ID_1039,0
mc_ID_17405,0
mc_ID_5245,0
mc_ID_14984,0
mc_ID_12936,0
mc_ID_11860,0
mc_ID_6204,0
mc_ID_5330,0
mc_ID_12459,0
mc_ID_8770,0
mc_ID_5606,0
mc_ID_3994,0
mc_ID_14590,0
mc_ID_11939,0
mc_ID_8332,0
mc_ID_9897,0
mc_ID_9037,0
mc_ID_2997,0
mc_ID_10293,0
mc_ID_5745,0
mc_ID_2908,0
mc_ID_9000,0
mc_ID_6378,0
mc_ID_357,0
mc_ID_18827,0
mc_ID_10552,0
mc_ID_5235,0
mc_ID_13033,0
mc_ID_7505,0
mc_ID_10248,0
mc_ID_4179,0
mc_ID_10652,0
mc_ID_1131,0
mc_ID_12437,0
mc_ID_12963,0
mc_ID_4784,0
mc_ID_1898,0
mc_ID_16189,0
mc_ID_16055,0
mc_ID_5917,0
mc_ID_11613,0
mc_ID_11788,0
mc_ID_1705,0
mc_ID_7711,0
mc_ID_14148,0
mc_ID_16825,0
mc_ID_17956,0
mc_ID_8804,0
mc_ID_3491,0
mc_ID_3915,0
mc_ID_732,0
mc_ID_3144,0
mc_ID_10113,0
mc_ID_22,0
mc_ID_6415,0
mc_ID_14270,0
mc_ID_7005,0
mc_ID_4817,0
mc_ID_16638,0
mc_ID_11117,0
mc_ID_15421,0
mc_ID_6531,0
mc_ID_1531,0
mc_ID_17699,0
mc_ID_16237,0
mc_ID_468,0
mc_ID_13934,0
mc_ID_1142,0
mc_ID_8802,0
mc_ID_17855,0
mc_ID_18909,0
mc_ID_10751,0
mc_ID_14640,0
mc_ID_6426,0
mc_ID_10251,0
mc_ID_18963,0
mc_ID_10125,0
mc_ID_12462,0
mc_ID_14230,0
mc_ID_2030,0
mc_ID_18469,0
mc_ID_4963,0
mc_ID_12772,0
mc_ID_14730,0
mc_ID_5581,0
mc_ID_17285,0
mc_ID_1886,0
mc_ID_3652,0
mc_ID_4588,0
mc_ID_1385,0
mc_ID_5615,0
mc_ID_791,0
mc_ID_14322,0
mc_ID_892,0
mc_ID_12029,0
mc_ID_1317,0
mc_ID_6552,0
mc_ID_10004,0
mc_ID_13462,0
mc_ID_1672,0
mc_ID_15384,0
mc_ID_4404,0
mc_ID_17981,0
mc_ID_3293,0
mc_ID_7206,0
mc_ID_13835,0
mc_ID_10358,0
mc_ID_17599,0
mc_ID_16797,0
mc_ID_8586,0
mc_ID_17131,0
mc_ID_693,0
mc_ID_16046,0
mc_ID_15625,0
mc_ID_6836,0
mc_ID_6447,0
mc_ID_16404,0
mc_ID_10165,0
mc_ID_3835,0
mc_ID_10721,0
mc_ID_2646,0
mc_ID_4519,0
mc_ID_16537,0
mc_ID_12222,0
mc_ID_10429,0
mc_ID_2301,0
mc_ID_3645,0
mc_ID_9667,0
mc_ID_8929,0
mc_ID_11796,0
mc_ID_7006,0
mc_ID_4230,0
mc_ID_5095,0
mc_ID_12529,0
mc_ID_14726,0
mc_ID_8672,0
mc_ID_12487,0
mc_ID_18576,0
mc_ID_1364,0
mc_ID_4524,0
mc_ID_15863,0
mc_ID_9471,0
mc_ID_9965,0
mc_ID_2286,0
mc_ID_16777,0
mc_ID_9274,0
mc_ID_8830,0
mc_ID_14515,0
mc_ID_885,0
mc_ID_14298,0
mc_ID_9140,0
mc_ID_13671,0
mc_ID_18915,0
mc_ID_18009,0
mc_ID_5219,0
mc_ID_9850,0
mc_ID_12466,0
mc_ID_19291,0
mc_ID_8420,0
mc_ID_869,0
mc_ID_4248,0
mc_ID_9820,0
mc_ID_4257,0
mc_ID_1573,0
mc_ID_14668,0
mc_ID_8278,0
mc_ID_8573,0
mc_ID_16300,0
mc_ID_7649,0
mc_ID_9714,0
mc_ID_16410,0
mc_ID_15282,0
mc_ID_7387,0
mc_ID_5918,0
mc_ID_11554,0
mc_ID_9684,0
mc_ID_3674,0
mc_ID_1851,0
mc_ID_4633,0
mc_ID_989,0
mc_ID_17212,0
mc_ID_11283,0
mc_ID_15643,0
mc_ID_16020,0
mc_ID_13463,0
mc_ID_12757,0
mc_ID_10997,0
mc_ID_7601,0
mc_ID_10400,0
mc_ID_6039,0
mc_ID_15411,0
mc_ID_16784,0
mc_ID_13882,0
mc_ID_11264,0
mc_ID_11947,0
mc_ID_13062,0
mc_ID_6459,0
mc_ID_10365,0
mc_ID_12006,0
mc_ID_3799,0
mc_ID_9848,0
mc_ID_7029,0
mc_ID_15107,0
mc_ID_16362,0
mc_ID_18311,0
mc_ID_9073,0
mc_ID_16943,0
mc_ID_8877,0
mc_ID_6938,0
mc_ID_2351,0
mc_ID_3523,0
mc_ID_13199,0
mc_ID_7804,0
mc_ID_16967,0
mc_ID_10883,0
mc_ID_12943,0
mc_ID_14373,0
mc_ID_16652,0
mc_ID_6065,0
mc_ID_12407,0
mc_ID_7811,0
mc_ID_4036,0
mc_ID_6062,0
mc_ID_5796,0
mc_ID_3176,0
mc_ID_6472,0
mc_ID_11738,0
mc_ID_13447,0
mc_ID_9629,0
mc_ID_13999,0
mc_ID_9681,0
mc_ID_11888,0
mc_ID_8863,0
mc_ID_1330,0
mc_ID_9005,0
mc_ID_8026,0
mc_ID_6869,0
mc_ID_8499,0
mc_ID_14978,0
mc_ID_1713,0
mc_ID_7725,0
mc_ID_17302,0
mc_ID_11840,0
mc_ID_16972,0
mc_ID_14594,0
mc_ID_1389,0
mc_ID_8742,0
mc_ID_2335,0
mc_ID_5591,0
mc_ID_3536,0
mc_ID_1931,0
mc_ID_17058,0
mc_ID_8178,0
mc_ID_6608,0
mc_ID_5110,0
mc_ID_6851,0
mc_ID_13010,0
mc_ID_13781,0
mc_ID_8972,0
mc_ID_4341,0
mc_ID_14498,0
mc_ID_3475,0
mc_ID_8152,0
mc_ID_5265,0
mc_ID_2544,0
mc_ID_14107,0
mc_ID_4752,0
mc_ID_10689,0
mc_ID_17514,0
mc_ID_16061,0
mc_ID_12186,0
mc_ID_17117,0
mc_ID_15980,0
mc_ID_2741,0
mc_ID_15092,0
mc_ID_12730,0
mc_ID_17265,0
mc_ID_12239,0
mc_ID_15045,0
mc_ID_18459,0
mc_ID_3373,0
mc_ID_2448,0
mc_ID_12981,0
mc_ID_9761,0
mc_ID_15692,0
mc_ID_5353,0
mc_ID_4530,0
mc_ID_4219,0
mc_ID_9676,0
mc_ID_11411,0
mc_ID_2726,0
mc_ID_17850,0
mc_ID_6140,0
mc_ID_16953,0
mc_ID_3861,0
mc_ID_8137,0
mc_ID_1138,0
mc_ID_14252,0
mc_ID_13163,0
mc_ID_394,0
mc_ID_13268,0
mc_ID_15109,0
mc_ID_11203,0
mc_ID_7993,0
mc_ID_1719,0
mc_ID_13471,0
mc_ID_11242,0
mc_ID_6589,0
mc_ID_1070,0
mc_ID_3547,0
mc_ID_9001,0
mc_ID_10189,0
mc_ID_18391,0
mc_ID_9567,0
mc_ID_15059,0
mc_ID_15433,0
mc_ID_9145,0
mc_ID_12132,0
mc_ID_9957,0
mc_ID_17504,0
mc_ID_8581,0
mc_ID_14075,0
mc_ID_9103,0
mc_ID_14145,0
mc_ID_11858,0
mc_ID_3775,0
mc_ID_89,0
mc_ID_14324,0
mc_ID_17267,0
mc_ID_15993,0
mc_ID_15097,0
mc_ID_16074,0
mc_ID_6273,0
mc_ID_15304,0
mc_ID_18024,0
mc_ID_6889,0
mc_ID_11954,0
mc_ID_15214,0
mc_ID_6468,0
mc_ID_8098,0
mc_ID_7151,0
mc_ID_4624,0
mc_ID_12734,0
mc_ID_6988,0
mc_ID_16708,0
mc_ID_3023,0
mc_ID_9765,0
mc_ID_13154,0
mc_ID_2939,0
mc_ID_11758,0
mc_ID_19289,0
mc_ID_8220,0
mc_ID_9511,0
mc_ID_12848,0
mc_ID_3604,0
mc_ID_18633,0
mc_ID_1432,0
mc_ID_1598,0
mc_ID_7918,0
mc_ID_14484,0
mc_ID_12410,0
mc_ID_10876,0
mc_ID_10151,0
mc_ID_6389,0
mc_ID_10625,0
mc_ID_19320,0
mc_ID_8702,0
mc_ID_14777,0
mc_ID_14207,0
mc_ID_7496,0
mc_ID_16182,0
mc_ID_4451,0
mc_ID_14635,0
mc_ID_13325,0
mc_ID_18477,0
mc_ID_9628,0
mc_ID_12904,0
mc_ID_6215,0
mc_ID_9544,0
mc_ID_4056,0
mc_ID_15219,0
mc_ID_17261,0
mc_ID_5326,0
mc_ID_12960,0
mc_ID_18071,0
mc_ID_8130,0
mc_ID_13284,0
mc_ID_19386,0
mc_ID_14894,0
mc_ID_12259,0
mc_ID_19275,0
mc_ID_3787,0
mc_ID_18037,0
mc_ID_12852,0
mc_ID_13072,0
mc_ID_2627,0
mc_ID_8290,0
mc_ID_1153,0
mc_ID_12681,0
mc_ID_19014,0
mc_ID_4839,0
mc_ID_4562,0
mc_ID_2396,0
mc_ID_4766,0
mc_ID_9574,0
mc_ID_1376,0
mc_ID_10298,0
mc_ID_13017,0
mc_ID_7903,0
mc_ID_5639,0
mc_ID_3936,0
mc_ID_5686,0
mc_ID_9596,0
mc_ID_4513,0
mc_ID_11970,0
mc_ID_16049,0
mc_ID_17202,0
mc_ID_16758,0
mc_ID_8566,0
mc_ID_1292,0
mc_ID_14706,0
mc_ID_18685,0
mc_ID_6811,0
mc_ID_12187,0
mc_ID_1183,0
mc_ID_18029,0
mc_ID_12862,0
mc_ID_14397,0
mc_ID_8422,0
mc_ID_14165,0
mc_ID_9870,0
mc_ID_16113,0
mc_ID_18327,0
mc_ID_12249,0
mc_ID_6117,0
mc_ID_8987,0
mc_ID_8373,0
mc_ID_9737,0
mc_ID_12754,0
mc_ID_2811,0
mc_ID_9317,0
mc_ID_6515,0
mc_ID_8351,0
mc_ID_8859,0
mc_ID_5247,0
mc_ID_13663,0
mc_ID_707,0
mc_ID_9630,0
mc_ID_18872,0
mc_ID_9461,0
mc_ID_15939,0
mc_ID_11300,0
mc_ID_2875,0
mc_ID_12161,0
mc_ID_2409,0
mc_ID_12555,0
mc_ID_6050,0
mc_ID_14471,0
mc_ID_17535,0
mc_ID_2933,0
mc_ID_15089,0
mc_ID_3474,0
mc_ID_9099,0
mc_ID_9718,0
mc_ID_9851,0
mc_ID_15314,0
mc_ID_15768,0
mc_ID_1559,0
mc_ID_6906,0
mc_ID_12163,0
mc_ID_13515,0
mc_ID_11963,0
mc_ID_14591,0
mc_ID_17948,0
mc_ID_18403,0
mc_ID_10082,0
mc_ID_6275,0
mc_ID_3768,0
mc_ID_2830,0
mc_ID_15957,0
mc_ID_10122,0
mc_ID_9825,0
mc_ID_18015,0
mc_ID_18941,0
mc_ID_1652,0
mc_ID_16874,0
mc_ID_5640,0
mc_ID_16788,0
mc_ID_12967,0
mc_ID_18613,0
mc_ID_16243,0
mc_ID_7673,0
mc_ID_5813,0
mc_ID_14686,0
mc_ID_11566,0
mc_ID_17736,0
mc_ID_5807,0
mc_ID_4969,0
mc_ID_3519,0
mc_ID_9581,0
mc_ID_5898,0
mc_ID_1065,0
mc_ID_5558,0
mc_ID_225,0
mc_ID_14374,0
mc_ID_18227,0
mc_ID_7704,0
mc_ID_3300,0
mc_ID_17814,0
mc_ID_7540,0
mc_ID_3152,0
mc_ID_8078,0
mc_ID_5891,0
mc_ID_2092,0
mc_ID_19121,0
mc_ID_7575,0
mc_ID_15872,0
mc_ID_13551,0
mc_ID_7223,0
mc_ID_16398,0
mc_ID_3754,0
mc_ID_7661,0
mc_ID_58,0
mc_ID_7275,0
mc_ID_10452,0
mc_ID_2238,0
mc_ID_7182,0
mc_ID_4755,0
mc_ID_11254,0
mc_ID_496,0
mc_ID_16633,0
mc_ID_4772,0
mc_ID_7246,0
mc_ID_17499,0
mc_ID_6027,0
mc_ID_4133,0
mc_ID_17072,0
mc_ID_2002,0
mc_ID_18340,0
mc_ID_171,0
mc_ID_2488,0
mc_ID_5356,0
mc_ID_16005,0
mc_ID_1037,0
mc_ID_3363,0
mc_ID_1300,0
mc_ID_19347,0
mc_ID_1864,0
mc_ID_3417,0
mc_ID_8572,0
mc_ID_11239,0
mc_ID_8551,0
mc_ID_12962,0
mc_ID_16936,0
mc_ID_8387,0
mc_ID_4615,0
mc_ID_8591,0
mc_ID_5155,0
mc_ID_9468,0
mc_ID_8703,0
mc_ID_15583,0
mc_ID_6247,0
mc_ID_11099,0
mc_ID_2157,0
mc_ID_1226,0
mc_ID_10906,0
mc_ID_6508,0
mc_ID_520,0
mc_ID_588,0
mc_ID_8973,0
mc_ID_4076,0
mc_ID_10286,0
mc_ID_18655,0
mc_ID_17431,0
mc_ID_8844,0
mc_ID_16574,0
mc_ID_13728,0
mc_ID_10149,0
mc_ID_8498,0
mc_ID_8834,0
mc_ID_2243,0
mc_ID_10654,0
mc_ID_5308,0
mc_ID_3042,0
mc_ID_18474,0
mc_ID_3184,0
mc_ID_7071,0
mc_ID_8093,0
mc_ID_1044,0
mc_ID_1230,0
mc_ID_16425,0
mc_ID_2106,0
mc_ID_15680,0
mc_ID_13023,0
mc_ID_13176,0
mc_ID_3464,0
mc_ID_4895,0
mc_ID_17758,0
mc_ID_18112,0
mc_ID_10366,0
mc_ID_2563,0
mc_ID_55,0
mc_ID_1601,0
mc_ID_8813,0
mc_ID_12901,0
mc_ID_1687,0
mc_ID_14966,0
mc_ID_1417,0
mc_ID_10420,0
mc_ID_1195,0
mc_ID_3603,0
mc_ID_13260,0
mc_ID_6272,0
mc_ID_18225,0
mc_ID_4941,0
mc_ID_4669,0
mc_ID_6599,0
mc_ID_13459,0
mc_ID_12224,0
mc_ID_9199,0
mc_ID_3812,0
mc_ID_1063,0
mc_ID_1100,0
mc_ID_11108,0
mc_ID_11227,0
mc_ID_11594,0
mc_ID_1836,0
mc_ID_2954,0
mc_ID_18721,0
mc_ID_3038,0
mc_ID_8341,0
mc_ID_9651,0
mc_ID_3514,0
mc_ID_4879,0
mc_ID_2685,0
mc_ID_17488,0
mc_ID_1130,0
mc_ID_8655,0
mc_ID_18182,0
mc_ID_7294,0
mc_ID_4,0
mc_ID_17928,0
mc_ID_7225,0
mc_ID_10475,0
mc_ID_8823,0
mc_ID_3466,0
mc_ID_8460,0
mc_ID_10860,0
mc_ID_13278,0
mc_ID_14274,0
mc_ID_7531,0
mc_ID_15658,0
mc_ID_2666,0
mc_ID_6737,0
mc_ID_11228,0
mc_ID_11697,0
mc_ID_11640,0
mc_ID_7774,0
mc_ID_7543,0
mc_ID_16069,0
mc_ID_12945,0
mc_ID_18845,0
mc_ID_18481,0
mc_ID_17688,0
mc_ID_10021,0
mc_ID_15362,0
mc_ID_6361,0
mc_ID_1735,0
mc_ID_6905,0
mc_ID_17727,0
mc_ID_4196,0
mc_ID_15157,0
mc_ID_14889,0
mc_ID_10763,0
mc_ID_1992,0
mc_ID_3129,0
mc_ID_12834,0
mc_ID_18762,0
mc_ID_5186,0
mc_ID_15676,0
mc_ID_5275,0
mc_ID_5036,0
mc_ID_8556,0
mc_ID_3838,0
mc_ID_17373,0
mc_ID_706,0
mc_ID_1252,0
mc_ID_17006,0
mc_ID_6344,0
mc_ID_6309,0
mc_ID_420,0
mc_ID_17830,0
mc_ID_10247,0
mc_ID_14027,0
mc_ID_16675,0
mc_ID_8534,0
mc_ID_3776,0
mc_ID_2828,0
mc_ID_4824,0
mc_ID_19219,0
mc_ID_17701,0
mc_ID_8554,0
mc_ID_5388,0
mc_ID_5598,0
mc_ID_18149,0
mc_ID_6912,0
mc_ID_9815,0
mc_ID_5173,0
mc_ID_1378,0
mc_ID_18743,0
mc_ID_7259,0
mc_ID_17626,0
mc_ID_15391,0
mc_ID_2522,0
mc_ID_16345,0
mc_ID_128,0
mc_ID_7095,0
mc_ID_16866,0
mc_ID_10332,0
mc_ID_9878,0
mc_ID_12220,0
mc_ID_17955,0
mc_ID_7697,0
mc_ID_8092,0
mc_ID_8143,0
mc_ID_17231,0
mc_ID_9826,0
mc_ID_13673,0
mc_ID_1262,0
mc_ID_16273,0
mc_ID_2328,0
mc_ID_2377,0
mc_ID_2918,0
mc_ID_461,0
mc_ID_2601,0
mc_ID_9602,0
mc_ID_18120,0
mc_ID_14713,0
mc_ID_10161,0
mc_ID_2702,0
mc_ID_10220,0
mc_ID_42,0
mc_ID_9842,0
mc_ID_15249,0
mc_ID_9233,0
mc_ID_3914,0
mc_ID_5740,0
mc_ID_14774,0
mc_ID_15634,0
mc_ID_1104,0
mc_ID_478,0
mc_ID_12859,0
mc_ID_17102,0
mc_ID_1668,0
mc_ID_5305,0
mc_ID_2449,0
mc_ID_19033,0
mc_ID_13280,0
mc_ID_15960,0
mc_ID_15239,0
mc_ID_16456,0
mc_ID_4323,0
mc_ID_10466,0
mc_ID_4309,0
mc_ID_13558,0
mc_ID_11704,0
mc_ID_1434,0
mc_ID_11085,0
mc_ID_12275,0
mc_ID_15986,0
mc_ID_1287,0
mc_ID_2370,0
mc_ID_8768,0
mc_ID_15335,0
mc_ID_5901,0
mc_ID_8585,0
mc_ID_10056,0
mc_ID_18700,0
mc_ID_13554,0
mc_ID_1823,0
mc_ID_13249,0
mc_ID_9865,0
mc_ID_2359,0
mc_ID_14503,0
mc_ID_18618,0
mc_ID_2326,0
mc_ID_14655,0
mc_ID_1562,0
mc_ID_2076,0
mc_ID_11193,0
mc_ID_6475,0
mc_ID_10157,0
mc_ID_8145,0
mc_ID_11485,0
mc_ID_9787,0
mc_ID_17492,0
mc_ID_3689,0
mc_ID_16695,0
mc_ID_17376,0
mc_ID_17275,0
mc_ID_3825,0
mc_ID_162,0
mc_ID_9433,0
mc_ID_3669,0
mc_ID_5144,0
mc_ID_4806,0
mc_ID_3107,0
mc_ID_11055,0
mc_ID_8548,0
mc_ID_12246,0
mc_ID_10576,0
mc_ID_11284,0
mc_ID_70,0
mc_ID_16887,0
mc_ID_7024,0
mc_ID_7717,0
mc_ID_18821,0
mc_ID_11638,0
mc_ID_6009,0
mc_ID_14369,0
mc_ID_10795,0
mc_ID_16251,0
mc_ID_2880,0
mc_ID_17486,0
mc_ID_14943,0
mc_ID_7008,0
mc_ID_18826,0
mc_ID_7373,0
mc_ID_13157,0
mc_ID_6618,0
mc_ID_11388,0
mc_ID_10059,0
mc_ID_16899,0
mc_ID_14102,0
mc_ID_3378,0
mc_ID_2554,0
mc_ID_8102,0
mc_ID_14272,0
mc_ID_15630,0
mc_ID_17693,0
mc_ID_8246,0
mc_ID_13067,0
mc_ID_789,0
mc_ID_3284,0
mc_ID_15231,0
mc_ID_5328,0
mc_ID_8359,0
mc_ID_16310,0
mc_ID_17303,0
mc_ID_6998,0
mc_ID_8317,0
mc_ID_11234,0
mc_ID_1398,0
mc_ID_12707,0
mc_ID_9741,0
mc_ID_7665,0
mc_ID_15786,0
mc_ID_14619,0
mc_ID_14159,0
mc_ID_543,0
mc_ID_15810,0
mc_ID_9939,0
mc_ID_16970,0
mc_ID_15792,0
mc_ID_10737,0
mc_ID_10994,0
mc_ID_9225,0
mc_ID_11927,0
mc_ID_4325,0
mc_ID_644,0
mc_ID_6555,0
mc_ID_9828,0
mc_ID_11077,0
mc_ID_12706,0
mc_ID_7184,0
mc_ID_2155,0
mc_ID_14823,0
mc_ID_14269,0
mc_ID_7621,0
mc_ID_10301,0
mc_ID_13908,0
mc_ID_17884,0
mc_ID_15019,0
mc_ID_2978,0
mc_ID_16880,0
mc_ID_1374,0
mc_ID_9246,0
mc_ID_8986,0
mc_ID_9990,0
mc_ID_18565,0
mc_ID_8845,0
mc_ID_5788,0
mc_ID_2200,0
mc_ID_3578,0
mc_ID_12931,0
mc_ID_13012,0
mc_ID_17585,0
mc_ID_14097,0
mc_ID_4083,0
mc_ID_4707,0
mc_ID_1983,0
mc_ID_18057,0
mc_ID_13720,0
mc_ID_11022,0
mc_ID_13501,0
mc_ID_242,0
mc_ID_623,0
mc_ID_10350,0
mc_ID_4754,0
mc_ID_18809,0
mc_ID_14213,0
mc_ID_2806,0
mc_ID_18649,0
mc_ID_484,0
mc_ID_17816,0
mc_ID_5296,0
mc_ID_13391,0
mc_ID_67,0
mc_ID_10748,0
mc_ID_13858,0
mc_ID_9537,0
mc_ID_11984,0
mc_ID_549,0
mc_ID_17292,0
mc_ID_15099,0
mc_ID_12700,0
mc_ID_9059,0
mc_ID_6406,0
mc_ID_17650,0
mc_ID_12747,0
mc_ID_8379,0
mc_ID_3614,0
mc_ID_14305,0
mc_ID_17500,0
mc_ID_4684,0
mc_ID_17910,0
mc_ID_10197,0
mc_ID_124,0
mc_ID_1989,0
mc_ID_16890,0
mc_ID_18687,0
mc_ID_18490,0
mc_ID_2460,0
mc_ID_11968,0
mc_ID_7263,0
mc_ID_8590,0
mc_ID_12768,0
mc_ID_11746,0
mc_ID_2004,0
mc_ID_311,0
mc_ID_18893,0
mc_ID_14787,0
mc_ID_1544,0
mc_ID_12927,0
mc_ID_17308,0
mc_ID_14622,0
mc_ID_586,0
mc_ID_10134,0
mc_ID_6202,0
mc_ID_11764,0
mc_ID_13807,0
mc_ID_3343,0
mc_ID_18454,0
mc_ID_5041,0
mc_ID_12083,0
mc_ID_13589,0
mc_ID_17501,0
mc_ID_6058,0
mc_ID_18377,0
mc_ID_15012,0
mc_ID_13316,0
mc_ID_8432,0
mc_ID_8315,0
mc_ID_9740,0
mc_ID_4751,0
mc_ID_16276,0
mc_ID_7207,0
mc_ID_16796,0
mc_ID_1092,0
mc_ID_7561,0
mc_ID_16108,0
mc_ID_19405,0
mc_ID_9798,0
mc_ID_7756,0
mc_ID_3764,0
mc_ID_19179,0
mc_ID_773,0
mc_ID_10438,0
mc_ID_9573,0
mc_ID_18671,0
mc_ID_5894,0
mc_ID_5133,0
mc_ID_9304,0
mc_ID_7253,0
mc_ID_8614,0
mc_ID_8150,0
mc_ID_9969,0
mc_ID_4351,0
mc_ID_18383,0
mc_ID_8256,0
mc_ID_6491,0
mc_ID_16475,0
mc_ID_10099,0
mc_ID_2013,0
mc_ID_1209,0
mc_ID_16421,0
mc_ID_16245,0
mc_ID_16507,0
mc_ID_12179,0
mc_ID_15463,0
mc_ID_11660,0
mc_ID_17929,0
mc_ID_4270,0
mc_ID_495,0
mc_ID_17412,0
mc_ID_1422,0
mc_ID_8904,0
mc_ID_18545,0
mc_ID_11854,0
mc_ID_15274,0
mc_ID_10517,0
mc_ID_3650,0
mc_ID_1813,0
mc_ID_9512,0
mc_ID_3265,0
mc_ID_12154,0
mc_ID_14718,0
mc_ID_16006,0
mc_ID_14995,0
mc_ID_17921,0
mc_ID_3301,0
mc_ID_7882,0
mc_ID_3725,0
mc_ID_11735,0
mc_ID_14227,0
mc_ID_337,0
mc_ID_7394,0
mc_ID_6691,0
mc_ID_17924,0
mc_ID_798,0
mc_ID_15776,0
mc_ID_4903,0
mc_ID_14794,0
mc_ID_7866,0
mc_ID_13605,0
mc_ID_3059,0
mc_ID_17269,0
mc_ID_7234,0
mc_ID_6424,0
mc_ID_3964,0
mc_ID_11664,0
mc_ID_6144,0
mc_ID_12248,0
mc_ID_17674,0
mc_ID_4079,0
mc_ID_8751,0
mc_ID_2329,0
mc_ID_7431,0
mc_ID_10781,0
mc_ID_9935,0
mc_ID_17729,0
mc_ID_2498,0
mc_ID_13905,0
mc_ID_1519,0
mc_ID_8968,0
mc_ID_4102,0
mc_ID_9288,0
mc_ID_18395,0
mc_ID_6016,0
mc_ID_19008,0
mc_ID_645,0
mc_ID_2636,0
mc_ID_15763,0
mc_ID_318,0
mc_ID_3302,0
mc_ID_14315,0
mc_ID_3408,0
mc_ID_7162,0
mc_ID_16669,0
mc_ID_2352,0
mc_ID_7221,0
mc_ID_774,0
mc_ID_4016,0
mc_ID_15879,0
mc_ID_14036,0
mc_ID_10476,0
mc_ID_14500,0
mc_ID_13237,0
mc_ID_3005,0
mc_ID_19158,0
mc_ID_11191,0
mc_ID_16492,0
mc_ID_5771,0
mc_ID_4278,0
mc_ID_13625,0
mc_ID_12987,0
mc_ID_8885,0
mc_ID_18869,0
mc_ID_13608,0
mc_ID_2195,0
mc_ID_14284,0
mc_ID_11412,0
mc_ID_1333,0
mc_ID_11543,0
mc_ID_13844,0
mc_ID_13431,0
mc_ID_16521,0
mc_ID_2480,0
mc_ID_11349,0
mc_ID_5230,0
mc_ID_9340,0
mc_ID_16752,0
mc_ID_1993,0
mc_ID_8637,0
mc_ID_17031,0
mc_ID_14299,0
mc_ID_3720,0
mc_ID_1233,0
mc_ID_13527,0
mc_ID_19149,0
mc_ID_12461,0
mc_ID_14467,0
mc_ID_11805,0
mc_ID_7185,0
mc_ID_5556,0
mc_ID_17040,0
mc_ID_456,0
mc_ID_435,0
mc_ID_12439,0
mc_ID_13319,0
mc_ID_8042,0
mc_ID_5304,0
mc_ID_1701,0
mc_ID_12002,0
mc_ID_6233,0
mc_ID_3207,0
mc_ID_16543,0
mc_ID_14352,0
mc_ID_2010,0
mc_ID_16001,0
mc_ID_10870,0
mc_ID_10514,0
mc_ID_7801,0
mc_ID_18273,0
mc_ID_294,0
mc_ID_18487,0
mc_ID_4308,0
mc_ID_16597,0
mc_ID_9142,0
mc_ID_3374,0
mc_ID_3036,0
mc_ID_19350,0
mc_ID_4842,0
mc_ID_6554,0
mc_ID_4296,0
mc_ID_5973,0
mc_ID_272,0
mc_ID_6884,0
mc_ID_3501,0
mc_ID_10808,0
mc_ID_7214,0
mc_ID_7718,0
mc_ID_9074,0
mc_ID_13489,0
mc_ID_7110,0
mc_ID_10659,0
mc_ID_1658,0
mc_ID_143,0
mc_ID_18253,0
mc_ID_13226,0
mc_ID_13445,0
mc_ID_10153,0
mc_ID_16066,0
mc_ID_13308,0
mc_ID_7384,0
mc_ID_13853,0
mc_ID_14062,0
mc_ID_4119,0
mc_ID_16191,0
mc_ID_3032,0
mc_ID_7067,0
mc_ID_10373,0
mc_ID_16241,0
mc_ID_18143,0
mc_ID_6759,0
mc_ID_5778,0
mc_ID_8826,0
mc_ID_3086,0
mc_ID_14602,0
mc_ID_3063,0
mc_ID_11515,0
mc_ID_168,0
mc_ID_7644,0
mc_ID_12492,0
mc_ID_4467,0
mc_ID_6332,0
mc_ID_12230,0
mc_ID_11706,0
mc_ID_14563,0
mc_ID_10903,0
mc_ID_15041,0
mc_ID_4959,0
mc_ID_2450,0
mc_ID_16467,0
mc_ID_13015,0
mc_ID_15225,0
mc_ID_2505,0
mc_ID_8612,0
mc_ID_11923,0
mc_ID_15235,0
mc_ID_2225,0
mc_ID_6784,0
mc_ID_6382,0
mc_ID_3995,0
mc_ID_4116,0
mc_ID_11218,0
mc_ID_11268,0
mc_ID_17215,0
mc_ID_14862,0
mc_ID_15618,0
mc_ID_7557,0
mc_ID_15881,0
mc_ID_6364,0
mc_ID_6260,0
mc_ID_13542,0
mc_ID_9764,0
mc_ID_2151,0
mc_ID_6946,0
mc_ID_12558,0
mc_ID_5627,0
mc_ID_1356,0
mc_ID_3171,0
mc_ID_12066,0
mc_ID_14991,0
mc_ID_2412,0
mc_ID_18814,0
mc_ID_5099,0
mc_ID_15850,0
mc_ID_7202,0
mc_ID_12027,0
mc_ID_787,0
mc_ID_8399,0
mc_ID_7370,0
mc_ID_1318,0
mc_ID_14366,0
mc_ID_13029,0
mc_ID_1095,0
mc_ID_452,0
mc_ID_2465,0
mc_ID_15292,0
mc_ID_15809,0
mc_ID_18620,0
mc_ID_4749,0
mc_ID_14604,0
mc_ID_18611,0
mc_ID_9022,0
mc_ID_9373,0
mc_ID_6433,0
mc_ID_18813,0
mc_ID_3470,0
mc_ID_17334,0
mc_ID_2504,0
mc_ID_13529,0
mc_ID_16780,0
mc_ID_49,0
mc_ID_14110,0
mc_ID_1019,0
mc_ID_6055,0
mc_ID_6198,0
mc_ID_17018,0
mc_ID_3431,0
mc_ID_12107,0
mc_ID_8812,0
mc_ID_4828,0
mc_ID_17567,0
mc_ID_12155,0
mc_ID_6806,0
mc_ID_11100,0
mc_ID_680,0
mc_ID_9834,0
mc_ID_4727,0
mc_ID_11936,0
mc_ID_1549,0
mc_ID_17853,0
mc_ID_4218,0
mc_ID_13517,0
mc_ID_8289,0
mc_ID_13318,0
mc_ID_6147,0
mc_ID_8994,0
mc_ID_12197,0
mc_ID_7957,0
mc_ID_64,0
mc_ID_7013,0
mc_ID_14185,0
mc_ID_18432,0
mc_ID_3860,0
mc_ID_4190,0
mc_ID_6888,0
mc_ID_876,0
mc_ID_15265,0
mc_ID_7262,0
mc_ID_5545,0
mc_ID_14399,0
mc_ID_860,0
mc_ID_9720,0
mc_ID_17964,0
mc_ID_514,0
mc_ID_7050,0
mc_ID_4082,0
mc_ID_7295,0
mc_ID_18562,0
mc_ID_3634,0
mc_ID_4918,0
mc_ID_6395,0
mc_ID_2961,0
mc_ID_11014,0
mc_ID_2672,0
mc_ID_12414,0
mc_ID_507,0
mc_ID_349,0
mc_ID_4681,0
mc_ID_7585,0
mc_ID_5460,0
mc_ID_12303,0
mc_ID_4738,0
mc_ID_5905,0
mc_ID_8372,0
mc_ID_9192,0
mc_ID_9772,0
mc_ID_9054,0
mc_ID_8763,0
mc_ID_9933,0
mc_ID_8060,0
mc_ID_5207,0
mc_ID_12716,0
mc_ID_6285,0
mc_ID_10413,0
mc_ID_8892,0
mc_ID_16002,0
mc_ID_14166,0
mc_ID_13212,0
mc_ID_5543,0
mc_ID_14350,0
mc_ID_4741,0
mc_ID_16835,0
mc_ID_16231,0
mc_ID_2020,0
mc_ID_17432,0
mc_ID_8883,0
mc_ID_14327,0
mc_ID_14745,0
mc_ID_271,0
mc_ID_5808,0
mc_ID_3056,0
mc_ID_4250,0
mc_ID_5085,0
mc_ID_5425,0
mc_ID_17351,0
mc_ID_18060,0
mc_ID_17976,0
mc_ID_15063,0
mc_ID_9361,0
mc_ID_10132,0
mc_ID_18568,0
mc_ID_1893,0
mc_ID_7447,0
mc_ID_5464,0
mc_ID_5985,0
mc_ID_1515,0
mc_ID_4103,0
mc_ID_979,0
mc_ID_9710,0
mc_ID_16389,0
mc_ID_10205,0
mc_ID_8800,0
mc_ID_2711,0
mc_ID_5166,0
mc_ID_14729,0
mc_ID_7720,0
mc_ID_11562,0
mc_ID_12912,0
mc_ID_9329,0
mc_ID_17204,0
mc_ID_9546,0
mc_ID_18363,0
mc_ID_15614,0
mc_ID_15115,0
mc_ID_9493,0
mc_ID_8870,0
mc_ID_19182,0
mc_ID_994,0
mc_ID_13525,0
mc_ID_9601,0
mc_ID_1127,0
mc_ID_17988,0
mc_ID_18259,0
mc_ID_5784,0
mc_ID_14659,0
mc_ID_1889,0
mc_ID_3070,0
mc_ID_2991,0
mc_ID_13745,0
mc_ID_4199,0
mc_ID_7486,0
mc_ID_541,0
mc_ID_16168,0
mc_ID_11680,0
mc_ID_12677,0
mc_ID_4885,0
mc_ID_9081,0
mc_ID_4073,0
mc_ID_3708,0
mc_ID_13811,0
mc_ID_9693,0
mc_ID_4927,0
mc_ID_18788,0
mc_ID_2261,0
mc_ID_16112,0
mc_ID_10636,0
mc_ID_12897,0
mc_ID_19331,0
mc_ID_11382,0
mc_ID_1608,0
mc_ID_8304,0
mc_ID_17734,0
mc_ID_4382,0
mc_ID_12592,0
mc_ID_2869,0
mc_ID_14000,0
mc_ID_8474,0
mc_ID_14561,0
mc_ID_5737,0
mc_ID_14463,0
mc_ID_1564,0
mc_ID_9107,0
mc_ID_9298,0
mc_ID_4723,0
mc_ID_6563,0
mc_ID_7320,0
mc_ID_8277,0
mc_ID_6291,0
mc_ID_11766,0
mc_ID_19383,0
mc_ID_9755,0
mc_ID_5498,0
mc_ID_15865,0
mc_ID_5448,0
mc_ID_16051,0
mc_ID_14797,0
mc_ID_9517,0
mc_ID_11156,0
mc_ID_16131,0
mc_ID_16906,0
mc_ID_14971,0
mc_ID_6450,0
mc_ID_4680,0
mc_ID_189,0
mc_ID_18905,0
mc_ID_117,0
mc_ID_8784,0
mc_ID_6686,0
mc_ID_17728,0
mc_ID_12392,0
mc_ID_16132,0
mc_ID_11446,0
mc_ID_1764,0
mc_ID_10445,0
mc_ID_0,0
mc_ID_6197,0
mc_ID_18698,0
mc_ID_4159,0
mc_ID_8057,0
mc_ID_12056,0
mc_ID_10607,0
mc_ID_4020,0
mc_ID_4457,0
mc_ID_10747,0
mc_ID_10735,0
mc_ID_14913,0
mc_ID_4388,0
mc_ID_13802,0
mc_ID_19119,0
mc_ID_7497,0
mc_ID_19156,0
mc_ID_18946,0
mc_ID_16897,0
mc_ID_30,0
mc_ID_9312,0
mc_ID_6661,0
mc_ID_11484,0
mc_ID_8441,0
mc_ID_9490,0
mc_ID_11097,0
mc_ID_15182,0
mc_ID_12025,0
mc_ID_1924,0
mc_ID_18531,0
mc_ID_5500,0
mc_ID_8090,0
mc_ID_12418,0
mc_ID_1746,0
mc_ID_13281,0
mc_ID_2527,0
mc_ID_8654,0
mc_ID_1766,0
mc_ID_17088,0
mc_ID_16331,0
mc_ID_15187,0
mc_ID_17711,0
mc_ID_2957,0
mc_ID_13777,0
mc_ID_2989,0
mc_ID_6013,0
mc_ID_8478,0
mc_ID_16258,0
mc_ID_16127,0
mc_ID_7011,0
mc_ID_18569,0
mc_ID_17595,0
mc_ID_12992,0
mc_ID_7996,0
mc_ID_11576,0
mc_ID_5638,0
mc_ID_14897,0
mc_ID_17782,0
mc_ID_13287,0
mc_ID_8358,0
mc_ID_3798,0
mc_ID_13799,0
mc_ID_18235,0
mc_ID_15139,0
mc_ID_8975,0
mc_ID_12476,0
mc_ID_14182,0
mc_ID_15042,0
mc_ID_7081,0
mc_ID_2101,0
mc_ID_384,0
mc_ID_16470,0
mc_ID_15202,0
mc_ID_3983,0
mc_ID_11489,0
mc_ID_13865,0
mc_ID_14571,0
mc_ID_9951,0
mc_ID_10792,0
mc_ID_13013,0
mc_ID_19314,0
mc_ID_9158,0
mc_ID_4735,0
mc_ID_3170,0
mc_ID_16992,0
mc_ID_5746,0
mc_ID_1930,0
mc_ID_3934,0
mc_ID_9552,0
mc_ID_11162,0
mc_ID_10851,0
mc_ID_9762,0
mc_ID_3795,0
mc_ID_7304,0
mc_ID_5231,0
mc_ID_12115,0
mc_ID_14112,0
mc_ID_9232,0
mc_ID_13823,0
mc_ID_12801,0
mc_ID_7667,0
mc_ID_14253,0
mc_ID_5281,0
mc_ID_2309,0
mc_ID_12452,0
mc_ID_14731,0
mc_ID_1869,0
mc_ID_2376,0
mc_ID_14915,0
mc_ID_3485,0
mc_ID_4434,0
mc_ID_1444,0
mc_ID_3572,0
mc_ID_12684,0
mc_ID_11050,0
mc_ID_3539,0
mc_ID_6740,0
mc_ID_18570,0
mc_ID_9387,0
mc_ID_12797,0
mc_ID_1589,0
mc_ID_9998,0
mc_ID_11716,0
mc_ID_4290,0
mc_ID_10439,0
mc_ID_10791,0
mc_ID_17014,0
mc_ID_3173,0
mc_ID_11919,0
mc_ID_3202,0
mc_ID_16252,0
mc_ID_17789,0
mc_ID_836,0
mc_ID_9708,0
mc_ID_11607,0
mc_ID_10339,0
mc_ID_19327,0
mc_ID_5865,0
mc_ID_15839,0
mc_ID_1558,0
mc_ID_15287,0
mc_ID_906,0
mc_ID_18628,0
mc_ID_7899,0
mc_ID_18204,0
mc_ID_13604,0
mc_ID_11604,0
mc_ID_7951,0
mc_ID_11240,0
mc_ID_19299,0
mc_ID_18296,0
mc_ID_11375,0
mc_ID_6767,0
mc_ID_6123,0
mc_ID_1120,0
mc_ID_977,0
mc_ID_4868,0
mc_ID_338,0
mc_ID_4511,0
mc_ID_14437,0
mc_ID_1248,0
mc_ID_17063,0
mc_ID_5716,0
mc_ID_5528,0
mc_ID_17396,0
mc_ID_17010,0
mc_ID_5932,0
mc_ID_4067,0
mc_ID_9774,0
mc_ID_3772,0
mc_ID_371,0
mc_ID_3870,0
mc_ID_6150,0
mc_ID_5761,0
mc_ID_4481,0
mc_ID_5087,0
mc_ID_5568,0
mc_ID_11026,0
mc_ID_7316,0
mc_ID_18891,0
mc_ID_13368,0
mc_ID_614,0
mc_ID_7002,0
mc_ID_16545,0
mc_ID_14595,0
mc_ID_17827,0
mc_ID_8021,0
mc_ID_8530,0
mc_ID_3609,0
mc_ID_15005,0
mc_ID_8568,0
mc_ID_3832,0
mc_ID_11469,0
mc_ID_7432,0
mc_ID_6644,0
mc_ID_883,0
mc_ID_9430,0
mc_ID_7705,0
mc_ID_11043,0
mc_ID_8151,0
mc_ID_5250,0
mc_ID_13987,0
mc_ID_9800,0
mc_ID_13363,0
mc_ID_12301,0
mc_ID_11398,0
mc_ID_723,0
mc_ID_4132,0
mc_ID_14160,0
mc_ID_4059,0
mc_ID_17428,0
mc_ID_462,0
mc_ID_14589,0
mc_ID_11748,0
mc_ID_17594,0
mc_ID_13531,0
mc_ID_9092,0
mc_ID_5117,0
mc_ID_10583,0
mc_ID_14645,0
mc_ID_5523,0
mc_ID_9410,0
mc_ID_14286,0
mc_ID_3662,0
mc_ID_17655,0
mc_ID_5162,0
mc_ID_7490,0
mc_ID_13651,0
mc_ID_5515,0
mc_ID_1624,0
mc_ID_5355,0
mc_ID_530,0
mc_ID_17391,0
mc_ID_3648,0
mc_ID_5514,0
mc_ID_15131,0
mc_ID_3696,0
mc_ID_18728,0
mc_ID_14124,0
mc_ID_4569,0
mc_ID_18969,0
mc_ID_413,0
mc_ID_19195,0
mc_ID_10927,0
mc_ID_12903,0
mc_ID_9431,0
mc_ID_10300,0
mc_ID_13925,0
mc_ID_4024,0
mc_ID_12995,0
mc_ID_15581,0
mc_ID_9702,0
mc_ID_1066,0
mc_ID_6003,0
mc_ID_2763,0
mc_ID_3679,0
mc_ID_15742,0
mc_ID_9416,0
mc_ID_15036,0
mc_ID_11075,0
mc_ID_3116,0
mc_ID_1879,0
mc_ID_444,0
mc_ID_9994,0
mc_ID_12043,0
mc_ID_2581,0
mc_ID_18840,0
mc_ID_3820,0
mc_ID_1261,0
mc_ID_5711,0
mc_ID_6765,0
mc_ID_7686,0
mc_ID_12363,0
mc_ID_5047,0
mc_ID_10996,0
mc_ID_19242,0
mc_ID_17306,0
mc_ID_16262,0
mc_ID_12201,0
mc_ID_15417,0
mc_ID_15035,0
mc_ID_7663,0
mc_ID_1430,0
mc_ID_19248,0
mc_ID_8311,0
mc_ID_18295,0
mc_ID_14325,0
mc_ID_1753,0
mc_ID_12585,0
mc_ID_15646,0
mc_ID_14821,0
mc_ID_105,0
mc_ID_209,0
mc_ID_11454,0
mc_ID_9031,0
mc_ID_13548,0
mc_ID_13246,0
mc_ID_12869,0
mc_ID_11503,0
mc_ID_11835,0
mc_ID_1676,0
mc_ID_10228,0
mc_ID_14882,0
mc_ID_12445,0
mc_ID_13050,0
mc_ID_54,0
mc_ID_11753,0
mc_ID_3118,0
mc_ID_16384,0
mc_ID_9357,0
mc_ID_15713,0
mc_ID_16714,0
mc_ID_2430,0
mc_ID_1792,0
mc_ID_11098,0
mc_ID_5113,0
mc_ID_8110,0
mc_ID_9478,0
mc_ID_1276,0
mc_ID_10871,0
mc_ID_2552,0
mc_ID_16416,0
mc_ID_749,0
mc_ID_7161,0
mc_ID_7868,0
mc_ID_5101,0
mc_ID_8041,0
mc_ID_18021,0
mc_ID_1322,0
mc_ID_12306,0
mc_ID_314,0
mc_ID_10952,0
mc_ID_183,0
mc_ID_7929,0
mc_ID_4769,0
mc_ID_16369,0
mc_ID_3984,0
mc_ID_513,0
mc_ID_13128,0
mc_ID_18853,0
mc_ID_4029,0
mc_ID_10829,0
mc_ID_12825,0
mc_ID_10073,0
mc_ID_12520,0
mc_ID_19255,0
mc_ID_5295,0
mc_ID_7311,0
mc_ID_14812,0
mc_ID_16700,0
mc_ID_12142,0
mc_ID_11744,0
mc_ID_6412,0
mc_ID_2040,0
mc_ID_16761,0
mc_ID_16799,0
mc_ID_15927,0
mc_ID_14552,0
mc_ID_2222,0
mc_ID_7150,0
mc_ID_6714,0
mc_ID_11230,0
mc_ID_6420,0
mc_ID_8962,0
mc_ID_13327,0
mc_ID_11710,0
mc_ID_5869,0
mc_ID_12710,0
mc_ID_18937,0
mc_ID_3859,0
mc_ID_18483,0
mc_ID_3946,0
mc_ID_1647,0
mc_ID_4350,0
mc_ID_3591,0
mc_ID_17885,0
mc_ID_3492,0
mc_ID_15580,0
mc_ID_2645,0
mc_ID_10889,0
mc_ID_11360,0
mc_ID_16688,0
mc_ID_1075,0
mc_ID_11149,0
mc_ID_2011,0
mc_ID_8601,0
mc_ID_8272,0
mc_ID_9707,0
mc_ID_18039,0
mc_ID_17558,0
mc_ID_18785,0
mc_ID_9122,0
mc_ID_9252,0
mc_ID_7251,0
mc_ID_17916,0
mc_ID_7925,0
mc_ID_14505,0
mc_ID_11154,0
mc_ID_6617,0
mc_ID_6999,0
mc_ID_2355,0
mc_ID_1528,0
mc_ID_18097,0
mc_ID_13596,0
mc_ID_18394,0
mc_ID_13455,0
mc_ID_17870,0
mc_ID_1988,0
mc_ID_13202,0
mc_ID_12211,0
mc_ID_10976,0
mc_ID_12620,0
mc_ID_5233,0
mc_ID_17101,0
mc_ID_16918,0
mc_ID_14909,0
mc_ID_10256,0
mc_ID_2937,0
mc_ID_5783,0
mc_ID_268,0
mc_ID_8148,0
mc_ID_9181,0
mc_ID_15081,0
mc_ID_17054,0
mc_ID_12336,0
mc_ID_12928,0
mc_ID_3026,0
mc_ID_19083,0
mc_ID_13081,0
mc_ID_9117,0
mc_ID_9936,0
mc_ID_5108,0
mc_ID_2950,0
mc_ID_16851,0
mc_ID_6405,0
mc_ID_16768,0
mc_ID_2443,0
mc_ID_11979,0
mc_ID_2303,0
mc_ID_19082,0
mc_ID_8668,0
mc_ID_11109,0
mc_ID_5318,0
mc_ID_10110,0
mc_ID_7955,0
mc_ID_3521,0
mc_ID_11076,0
mc_ID_10333,0
mc_ID_16337,0
mc_ID_10512,0
mc_ID_202,0
mc_ID_16684,0
mc_ID_14262,0
mc_ID_8875,0
mc_ID_13292,0
mc_ID_1260,0
mc_ID_6175,0
mc_ID_13139,0
mc_ID_9165,0
mc_ID_16961,0
mc_ID_9613,0
mc_ID_3445,0
mc_ID_10171,0
mc_ID_9590,0
mc_ID_2078,0
mc_ID_4239,0
mc_ID_7808,0
mc_ID_14933,0
mc_ID_10306,0
mc_ID_4089,0
mc_ID_12192,0
mc_ID_3617,0
mc_ID_5685,0
mc_ID_13923,0
mc_ID_7060,0
mc_ID_4444,0
mc_ID_6834,0
mc_ID_9339,0
mc_ID_12745,0
mc_ID_15569,0
mc_ID_18101,0
mc_ID_3096,0
mc_ID_4004,0
mc_ID_1370,0
mc_ID_12827,0
mc_ID_2699,0
mc_ID_15875,0
mc_ID_15663,0
mc_ID_14835,0
mc_ID_4913,0
mc_ID_11677,0
mc_ID_3656,0
mc_ID_190,0
mc_ID_15653,0
mc_ID_1807,0
mc_ID_18566,0
mc_ID_14410,0
mc_ID_1516,0
mc_ID_7350,0
mc_ID_4487,0
mc_ID_2613,0
mc_ID_4161,0
mc_ID_16372,0
mc_ID_1977,0
mc_ID_12020,0
mc_ID_12380,0
mc_ID_5507,0
mc_ID_9442,0
mc_ID_5440,0
mc_ID_697,0
mc_ID_8417,0
mc_ID_8328,0
mc_ID_407,0
mc_ID_16072,0
mc_ID_3191,0
mc_ID_16035,0
mc_ID_8749,0
mc_ID_10030,0
mc_ID_14923,0
mc_ID_18632,0
mc_ID_13990,0
mc_ID_17949,0
mc_ID_8034,0
mc_ID_8448,0
mc_ID_811,0
mc_ID_1190,0
mc_ID_17815,0
mc_ID_7276,0
mc_ID_12942,0
mc_ID_11406,0
mc_ID_8964,0
mc_ID_8408,0
mc_ID_13574,0
mc_ID_5364,0
mc_ID_14030,0
mc_ID_19230,0
mc_ID_3389,0
mc_ID_3900,0
mc_ID_4509,0
mc_ID_13700,0
mc_ID_12451,0
mc_ID_8678,0
mc_ID_15363,0
mc_ID_15837,0
mc_ID_6786,0
mc_ID_11580,0
mc_ID_15902,0
mc_ID_3328,0
mc_ID_4422,0
mc_ID_1704,0
mc_ID_1123,0
mc_ID_14755,0
mc_ID_11465,0
mc_ID_8238,0
mc_ID_10520,0
mc_ID_8153,0
mc_ID_6047,0
mc_ID_6848,0
mc_ID_2900,0
mc_ID_3550,0
mc_ID_562,0
mc_ID_2306,0
mc_ID_641,0
mc_ID_9418,0
mc_ID_565,0
mc_ID_5654,0
mc_ID_10521,0
mc_ID_10605,0
mc_ID_17669,0
mc_ID_2400,0
mc_ID_5632,0
mc_ID_6381,0
mc_ID_5580,0
mc_ID_4799,0
mc_ID_15551,0
mc_ID_10285,0
mc_ID_771,0
mc_ID_4940,0
mc_ID_1502,0
mc_ID_4854,0
mc_ID_18835,0
mc_ID_15561,0
mc_ID_4652,0
mc_ID_4695,0
mc_ID_19018,0
mc_ID_12001,0
mc_ID_12394,0
mc_ID_1957,0
mc_ID_18865,0
mc_ID_9827,0
mc_ID_12090,0
mc_ID_16896,0
mc_ID_1481,0
mc_ID_497,0
mc_ID_16289,0
mc_ID_5553,0
mc_ID_1847,0
mc_ID_1603,0
mc_ID_4210,0
mc_ID_7382,0
mc_ID_12523,0
mc_ID_1800,0
mc_ID_17557,0
mc_ID_3581,0
mc_ID_9568,0
mc_ID_823,0
mc_ID_15969,0
mc_ID_16526,0
mc_ID_1818,0
mc_ID_4619,0
mc_ID_5403,0
mc_ID_9594,0
mc_ID_4226,0
mc_ID_15698,0
mc_ID_14480,0
mc_ID_16095,0
mc_ID_4731,0
mc_ID_6874,0
mc_ID_11391,0
mc_ID_4287,0
mc_ID_8629,0
mc_ID_8044,0
mc_ID_11751,0
mc_ID_2904,0
mc_ID_16720,0
mc_ID_9423,0
mc_ID_840,0
mc_ID_1335,0
mc_ID_19001,0
mc_ID_17463,0
mc_ID_2674,0
mc_ID_12342,0
mc_ID_9007,0
mc_ID_13655,0
mc_ID_13688,0
mc_ID_19357,0
mc_ID_10317,0
mc_ID_4255,0
mc_ID_2796,0
mc_ID_5253,0
mc_ID_36,0
mc_ID_3601,0
mc_ID_15533,0
mc_ID_16959,0
mc_ID_7278,0
mc_ID_13678,0
mc_ID_19021,0
mc_ID_5648,0
mc_ID_13860,0
mc_ID_4146,0
mc_ID_10515,0
mc_ID_16655,0
mc_ID_1756,0
mc_ID_16931,0
mc_ID_11524,0
mc_ID_9143,0
mc_ID_7684,0
mc_ID_15843,0
mc_ID_5637,0
mc_ID_13387,0
mc_ID_17156,0
mc_ID_8947,0
mc_ID_16052,0
mc_ID_12781,0
mc_ID_13761,0
mc_ID_14056,0
mc_ID_2108,0
mc_ID_18606,0
mc_ID_17627,0
mc_ID_19069,0
mc_ID_16172,0
mc_ID_5907,0
mc_ID_6934,0
mc_ID_4711,0
mc_ID_10762,0
mc_ID_1582,0
mc_ID_5455,0
mc_ID_17177,0
mc_ID_12629,0
mc_ID_18825,0
mc_ID_7018,0
mc_ID_9011,0
mc_ID_13840,0
mc_ID_5900,0
mc_ID_6547,0
mc_ID_18126,0
mc_ID_11011,0
mc_ID_7247,0
mc_ID_197,0
mc_ID_233,0
mc_ID_2931,0
mc_ID_14534,0
mc_ID_12010,0
mc_ID_7768,0
mc_ID_14719,0
mc_ID_16965,0
mc_ID_10679,0
mc_ID_11381,0
mc_ID_6668,0
mc_ID_8939,0
mc_ID_9736,0
mc_ID_359,0
mc_ID_6983,0
mc_ID_13662,0
mc_ID_12193,0
mc_ID_2994,0
mc_ID_5903,0
mc_ID_5708,0
mc_ID_6142,0
mc_ID_3535,0
mc_ID_579,0
mc_ID_10946,0
mc_ID_5051,0
mc_ID_14974,0
mc_ID_6496,0
mc_ID_9071,0
mc_ID_6559,0
mc_ID_15906,0
mc_ID_18626,0
mc_ID_2503,0
mc_ID_1805,0
mc_ID_9048,0
mc_ID_5061,0
mc_ID_11252,0
mc_ID_8172,0
mc_ID_12725,0
mc_ID_14438,0
mc_ID_8307,0
mc_ID_13546,0
mc_ID_7288,0
mc_ID_12989,0
mc_ID_9156,0
mc_ID_17614,0
mc_ID_14092,0
mc_ID_1161,0
mc_ID_12554,0
mc_ID_2772,0
mc_ID_808,0
mc_ID_4370,0
mc_ID_16658,0
mc_ID_18959,0
mc_ID_14670,0
mc_ID_3867,0
mc_ID_3742,0
mc_ID_3309,0
mc_ID_7850,0
mc_ID_13568,0
mc_ID_951,0
mc_ID_3277,0
mc_ID_6053,0
mc_ID_7391,0
mc_ID_11659,0
mc_ID_9372,0
mc_ID_3816,0
mc_ID_1571,0
mc_ID_466,0
mc_ID_11195,0
mc_ID_13232,0
mc_ID_13606,0
mc_ID_18406,0
mc_ID_17628,0
mc_ID_19037,0
mc_ID_7569,0
mc_ID_13689,0
mc_ID_1943,0
mc_ID_11462,0
mc_ID_4348,0
mc_ID_17537,0
mc_ID_18084,0
mc_ID_15236,0
mc_ID_524,0
mc_ID_14554,0
mc_ID_4431,0
mc_ID_13089,0
mc_ID_3091,0
mc_ID_2877,0
mc_ID_9623,0
mc_ID_18673,0
mc_ID_2993,0
mc_ID_9543,0
mc_ID_3013,0
mc_ID_481,0
mc_ID_1839,0
mc_ID_2118,0
mc_ID_11225,0
mc_ID_13871,0
mc_ID_4289,0
mc_ID_19196,0
mc_ID_11778,0
mc_ID_5412,0
mc_ID_4176,0
mc_ID_1740,0
mc_ID_8786,0
mc_ID_4960,0
mc_ID_11670,0
mc_ID_10845,0
mc_ID_151,0
mc_ID_16937,0
mc_ID_5190,0
mc_ID_19122,0
mc_ID_11589,0
mc_ID_5921,0
mc_ID_12732,0
mc_ID_7232,0
mc_ID_3537,0
mc_ID_12338,0
mc_ID_17062,0
mc_ID_18442,0
mc_ID_17580,0
mc_ID_10653,0
mc_ID_18868,0
mc_ID_16230,0
mc_ID_14175,0
mc_ID_15006,0
mc_ID_345,0
mc_ID_9439,0
mc_ID_12744,0
mc_ID_15394,0
mc_ID_6518,0
mc_ID_14992,0
mc_ID_11262,0
mc_ID_13787,0
mc_ID_5616,0
mc_ID_5702,0
mc_ID_7871,0
mc_ID_2224,0
mc_ID_1508,0
mc_ID_12502,0
mc_ID_16949,0
mc_ID_12406,0
mc_ID_18110,0
mc_ID_10354,0
mc_ID_3517,0
mc_ID_5978,0
mc_ID_4883,0
mc_ID_19397,0
mc_ID_19425,0
mc_ID_15968,0
mc_ID_12444,0
mc_ID_3752,0
mc_ID_17838,0
mc_ID_12796,0
mc_ID_9882,0
mc_ID_16854,0
mc_ID_692,0
mc_ID_6861,0
mc_ID_1600,0
mc_ID_18047,0
mc_ID_14846,0
mc_ID_16783,0
mc_ID_12009,0
mc_ID_17477,0
mc_ID_7125,0
mc_ID_11520,0
mc_ID_12024,0
mc_ID_608,0
mc_ID_3355,0
mc_ID_12542,0
mc_ID_11906,0
mc_id_10893,0
mc_ID_7900,0
mc_ID_9185,0
mc_ID_8903,0
mc_ID_2478,0
mc_ID_6856,0
mc_ID_7287,0
mc_ID_13912,0
mc_ID_7988,0
mc_ID_5667,0
mc_ID_12471,0
mc_ID_18179,0
mc_ID_8318,0
mc_ID_3622,0
mc_ID_7867,0
mc_ID_18806,0
mc_ID_16326,0
mc_ID_7191,0
mc_ID_7329,0
mc_ID_15931,0
mc_ID_8915,0
mc_ID_14094,0
mc_ID_13404,0
mc_ID_7154,0
mc_ID_9328,0
mc_ID_10458,0
mc_ID_15979,0
mc_ID_12877,0
mc_ID_4107,0
mc_ID_724,0
mc_ID_10155,0
mc_ID_19159,0
mc_ID_18652,0
mc_ID_14927,0
mc_ID_11233,0
mc_ID_3427,0
mc_ID_11703,0
mc_ID_4944,0
mc_ID_11010,0
mc_ID_10529,0
mc_ID_18470,0
mc_ID_12073,0
mc_ID_17660,0
mc_ID_4436,0
mc_ID_8976,0
mc_ID_7614,0
mc_ID_7683,0
mc_ID_13250,0
mc_ID_11499,0
mc_ID_3891,0
mc_ID_583,0
mc_ID_16693,0
mc_ID_6137,0
mc_ID_18575,0
mc_ID_8811,0
mc_ID_6605,0
mc_ID_13097,0
mc_ID_2604,0
mc_ID_13019,0
mc_ID_12996,0
mc_ID_3839,0
mc_ID_4373,0
mc_ID_1342,0
mc_ID_9226,0
mc_ID_14878,0
mc_ID_2112,0
mc_ID_6507,0
mc_ID_16469,0
mc_ID_14008,0
mc_ID_6250,0
mc_ID_7949,0
mc_ID_11786,0
mc_ID_16346,0
mc_ID_13266,0
mc_ID_2386,0
mc_ID_11401,0
mc_ID_17163,0
mc_ID_18515,0
mc_ID_15496,0
mc_ID_17826,0
mc_ID_15867,0
mc_ID_11037,0
mc_ID_18491,0
mc_ID_13800,0
mc_ID_13993,0
mc_ID_10752,0
mc_ID_12526,0
mc_ID_18232,0
mc_ID_15315,0
mc_ID_8346,0
mc_ID_11743,0
mc_ID_5569,0
mc_ID_19351,0
mc_ID_6280,0
mc_ID_11959,0
mc_ID_10473,0
mc_ID_3829,0
mc_ID_741,0
mc_ID_14864,0
mc_ID_5390,0
mc_ID_7519,0
mc_ID_8788,0
mc_ID_11661,0
mc_ID_17226,0
mc_ID_7846,0
mc_ID_14639,0
mc_ID_3333,0
mc_ID_16767,0
mc_ID_3921,0
mc_ID_3658,0
mc_ID_8991,0
mc_ID_1692,0
mc_ID_221,0
mc_ID_10453,0
mc_ID_15354,0
mc_ID_17279,0
mc_ID_7565,0
mc_ID_9029,0
mc_ID_15842,0
mc_ID_3549,0
mc_ID_6160,0
mc_ID_5069,0
mc_ID_4622,0
mc_ID_4368,0
mc_ID_1294,0
mc_ID_9639,0
mc_ID_17817,0
mc_ID_982,0
mc_ID_9780,0
mc_ID_7550,0
mc_ID_14802,0
mc_ID_9687,0
mc_ID_16448,0
mc_ID_43,0
mc_ID_570,0
mc_ID_17974,0
mc_ID_15799,0
mc_ID_10180,0
mc_ID_4245,0
mc_ID_12105,0
mc_ID_12999,0
mc_ID_18986,0
mc_ID_11124,0
mc_ID_7610,0
mc_ID_19126,0
mc_ID_11901,0
mc_ID_1572,0
mc_ID_4013,0
mc_ID_2029,0
mc_ID_8567,0
mc_ID_7449,0
mc_ID_10955,0
mc_ID_15988,0
mc_ID_17104,0
mc_ID_18658,0
mc_ID_1975,0
mc_ID_1715,0
mc_ID_16321,0
mc_ID_9141,0
mc_ID_2476,0
mc_ID_6044,0
mc_ID_5612,0
mc_ID_1616,0
mc_ID_17645,0
mc_ID_1644,0
mc_ID_11368,0
mc_ID_1845,0
mc_ID_6192,0
mc_ID_6706,0
mc_ID_18300,0
mc_ID_11001,0
mc_ID_365,0
mc_ID_1311,0
mc_ID_1768,0
mc_ID_1005,0
mc_ID_6729,0
mc_ID_13756,0
mc_ID_2635,0
mc_ID_14238,0
mc_ID_3557,0
mc_ID_4354,0
mc_ID_1895,0
mc_ID_9719,0
mc_ID_12727,0
mc_ID_14956,0
mc_ID_4688,0
mc_ID_9,0
mc_ID_11301,0
mc_ID_16613,0
mc_ID_8412,0
mc_ID_18506,0
mc_ID_12308,0
mc_ID_18557,0
mc_ID_15564,0
mc_ID_11358,0
mc_ID_5376,0
mc_ID_18343,0
mc_ID_12802,0
mc_ID_5183,0
mc_ID_5526,0
mc_ID_1189,0
mc_ID_2625,0
mc_ID_3639,0
mc_ID_3021,0
mc_ID_15044,0
mc_ID_12260,0
mc_ID_7938,0
mc_ID_11467,0
mc_ID_19109,0
mc_ID_16975,0
mc_ID_6831,0
mc_ID_18599,0
mc_ID_8194,0
mc_ID_891,0
mc_ID_1413,0
mc_ID_18081,0
mc_ID_13674,0
mc_ID_4812,0
mc_ID_10403,0
mc_ID_17255,0
mc_ID_16618,0
mc_ID_6670,0
mc_ID_14820,0
mc_ID_10863,0
mc_ID_13540,0
mc_ID_4841,0
mc_ID_19177,0
mc_ID_10505,0
mc_ID_15308,0
mc_ID_7786,0
mc_ID_967,0
mc_ID_13338,0
mc_ID_10998,0
mc_ID_8924,0
mc_ID_8352,0
mc_ID_13432,0
mc_ID_1554,0
mc_ID_12440,0
mc_ID_5118,0
mc_ID_12515,0
mc_ID_6955,0
mc_ID_7229,0
mc_ID_12867,0
mc_ID_6578,0
mc_ID_11444,0
mc_ID_7908,0
mc_ID_8075,0
mc_ID_7775,0
mc_ID_11425,0
mc_ID_19373,0
mc_ID_2915,0
mc_ID_11385,0
mc_ID_7639,0
mc_ID_9376,0
mc_ID_1520,0
mc_ID_8734,0
mc_ID_13057,0
mc_ID_5159,0
mc_ID_3010,0
mc_ID_2122,0
mc_ID_16573,0
mc_ID_17268,0
mc_ID_2152,0
mc_ID_8758,0
mc_ID_18586,0
mc_ID_12169,0
mc_ID_323,0
mc_ID_11546,0
mc_ID_16868,0
mc_ID_17374,0
mc_ID_17199,0
mc_ID_16488,0
mc_ID_418,0
mc_ID_331,0
mc_ID_8100,0
mc_ID_1852,0
mc_ID_9701,0
mc_ID_11565,0
mc_ID_18702,0
mc_ID_2748,0
mc_ID_9570,0
mc_ID_2447,0
mc_ID_19199,0
mc_ID_12252,0
mc_ID_1622,0
mc_ID_3631,0
mc_ID_5634,0
mc_ID_12099,0
mc_ID_9230,0
mc_ID_10411,0
mc_ID_670,0
mc_ID_4472,0
mc_ID_16342,0
mc_ID_6045,0
mc_ID_13461,0
mc_ID_50,0
mc_ID_37,0
mc_ID_6134,0
mc_ID_14980,0
mc_ID_4580,0
mc_ID_8504,0
mc_ID_12980,0
mc_ID_4863,0
mc_ID_12005,0
mc_ID_2308,0
mc_ID_5294,0
mc_ID_8645,0
mc_ID_1319,0
mc_ID_11217,0
mc_ID_6129,0
mc_ID_18448,0
mc_ID_14998,0
mc_ID_18713,0
mc_ID_13836,0
mc_ID_17657,0
mc_ID_2321,0
mc_ID_19162,0
mc_ID_18053,0
mc_ID_4725,0
mc_ID_12428,0
mc_ID_2237,0
mc_ID_18006,0
mc_ID_6907,0
mc_ID_2073,0
mc_ID_6517,0
mc_ID_11103,0
mc_ID_18102,0
mc_ID_6271,0
mc_ID_16676,0
mc_ID_1755,0
mc_ID_12510,0
mc_ID_9929,0
mc_ID_17696,0
mc_ID_9355,0
mc_ID_11733,0
mc_ID_14586,0
mc_ID_6193,0
mc_ID_18965,0
mc_ID_6135,0
mc_ID_13538,0
mc_ID_6034,0
mc_ID_6707,0
mc_ID_651,0
mc_ID_9212,0
mc_ID_7835,0
mc_ID_1269,0
mc_ID_10390,0
mc_ID_9017,0
mc_ID_1185,0
mc_ID_1948,0
mc_ID_11810,0
mc_ID_3360,0
mc_ID_13742,0
mc_ID_12615,0
mc_ID_6283,0
mc_ID_2561,0
mc_ID_14613,0
mc_ID_17797,0
mc_ID_13454,0
mc_ID_5104,0
mc_ID_6567,0
mc_ID_16294,0
mc_ID_8600,0
mc_ID_2121,0
mc_ID_8896,0
mc_ID_2497,0
mc_ID_9673,0
mc_ID_11468,0
mc_ID_1196,0
mc_ID_13197,0
mc_ID_2451,0
mc_ID_13954,0
mc_ID_8054,0
mc_ID_14791,0
mc_ID_6723,0
mc_ID_17476,0
mc_ID_8105,0
mc_ID_13457,0
mc_ID_19392,0
mc_ID_5066,0
mc_ID_2213,0
mc_ID_1480,0
mc_ID_16774,0
mc_ID_11028,0
mc_ID_5908,0
mc_ID_19245,0
mc_ID_2436,0
mc_ID_5991,0
mc_ID_6078,0
mc_ID_8494,0
mc_ID_11682,0
mc_ID_571,0
mc_ID_3862,0
mc_ID_9203,0
mc_ID_2178,0
mc_ID_1078,0
mc_ID_5001,0
mc_ID_10101,0
mc_ID_9458,0
mc_ID_17004,0
mc_ID_11573,0
mc_ID_5619,0
mc_ID_11608,0
mc_ID_4690,0
mc_ID_12286,0
mc_ID_8033,0
mc_ID_10048,0
mc_ID_13394,0
mc_ID_18887,0
mc_ID_15205,0
mc_ID_3243,0
mc_ID_8599,0
mc_ID_19157,0
mc_ID_18342,0
mc_ID_3845,0
mc_ID_7885,0
mc_ID_17515,0
mc_ID_3975,0
mc_ID_10896,0
mc_ID_10318,0
mc_ID_10891,0
mc_ID_15025,0
mc_ID_4188,0
mc_ID_14169,0
mc_ID_6713,0
mc_ID_6012,0
mc_ID_12667,0
mc_ID_920,0
mc_ID_9050,0
mc_ID_10076,0
mc_ID_4528,0
mc_ID_18945,0
mc_ID_1635,0
mc_ID_15682,0
mc_ID_17845,0
mc_ID_8030,0
mc_ID_4786,0
mc_ID_2051,0
mc_ID_4423,0
mc_ID_2924,0
mc_ID_15102,0
mc_ID_19341,0
mc_ID_1441,0
mc_ID_1334,0
mc_ID_4686,0
mc_ID_3644,0
mc_ID_10387,0
mc_ID_104,0
mc_ID_1458,0
mc_ID_10746,0
mc_ID_14560,0
mc_ID_11629,0
mc_ID_12892,0
mc_ID_6640,0
mc_ID_18752,0
mc_ID_3641,0
mc_ID_17606,0
mc_ID_17914,0
mc_ID_14156,0
mc_ID_17651,0
mc_ID_11207,0
mc_ID_17378,0
mc_ID_9899,0
mc_ID_1891,0
mc_ID_12023,0
mc_ID_5620,0
mc_id_1743,0
mc_ID_8269,0
mc_ID_5433,0
mc_ID_11209,0
mc_ID_5465,0
mc_ID_219,0
mc_ID_11793,0
mc_ID_2771,0
mc_ID_16838,0
mc_ID_2619,0
mc_ID_18087,0
mc_ID_17791,0
mc_ID_19124,0
mc_ID_13384,0
mc_ID_3586,0
mc_ID_9975,0
mc_ID_12102,0
mc_ID_12575,0
mc_ID_8490,0
mc_ID_2840,0
mc_ID_1688,0
mc_ID_1782,0
mc_ID_12759,0
mc_ID_14646,0
mc_ID_11421,0
mc_ID_9010,0
mc_ID_6781,0
mc_ID_12640,0
mc_ID_7198,0
mc_ID_16989,0
mc_ID_19429,0
mc_ID_3784,0
mc_ID_15372,0
mc_ID_12791,0
mc_ID_8089,0
mc_ID_6307,0
mc_ID_3398,0
mc_ID_4160,0
mc_ID_5884,0
mc_ID_16424,0
mc_ID_2829,0
mc_ID_10991,0
mc_ID_3255,0
mc_ID_6890,0
mc_ID_10270,0
mc_ID_18866,0
mc_ID_3956,0
mc_ID_1539,0
mc_ID_18735,0
mc_ID_10208,0
mc_ID_665,0
mc_ID_14400,0
mc_ID_7958,0
mc_ID_18753,0
mc_ID_11279,0
mc_ID_8782,0
mc_ID_10573,0
mc_ID_7876,0
mc_ID_9064,0
mc_ID_18229,0
mc_ID_14104,0
mc_ID_4623,0
mc_ID_5229,0
mc_ID_523,0
mc_ID_9615,0
mc_ID_5164,0
mc_ID_8470,0
mc_ID_9636,0
mc_ID_18410,0
mc_ID_16323,0
mc_ID_17907,0
mc_ID_2587,0
mc_ID_4040,0
mc_ID_11424,0
mc_ID_8144,0
mc_ID_4197,0
mc_ID_1579,0
mc_ID_8255,0
mc_ID_612,0
mc_ID_4003,0
mc_ID_11833,0
mc_ID_15346,0
mc_ID_9021,0
mc_ID_16981,0
mc_ID_1804,0
mc_ID_10280,0
mc_ID_4626,0
mc_ID_11955,0
mc_ID_12568,0
mc_ID_11115,0
mc_ID_8087,0
mc_ID_8706,0
mc_ID_17329,0
mc_ID_12966,0
mc_ID_16694,0
mc_ID_9379,0
mc_ID_10484,0
mc_ID_6374,0
mc_ID_18837,0
mc_ID_14044,0
mc_ID_11082,0
mc_ID_8960,0
mc_ID_18508,0
mc_ID_1098,0
mc_ID_18330,0
mc_ID_15950,0
mc_ID_18555,0
mc_ID_7710,0
mc_ID_1103,0
mc_ID_18995,0
mc_ID_4085,0
mc_ID_12285,0
mc_ID_11071,0
mc_ID_15392,0
mc_ID_1173,0
mc_ID_4295,0
mc_ID_8058,0
mc_ID_2239,0
mc_ID_1619,0
mc_ID_14296,0
mc_ID_10108,0
mc_ID_1994,0
mc_ID_1821,0
mc_ID_16138,0
mc_ID_3037,0
mc_ID_9751,0
mc_ID_6818,0
mc_ID_4346,0
mc_ID_13940,0
mc_ID_5221,0
mc_ID_10637,0
mc_ID_16575,0
mc_ID_8836,0
mc_ID_6118,0
mc_ID_4936,0
mc_ID_430,0
mc_ID_526,0
mc_ID_6482,0
mc_ID_9311,0
mc_ID_2590,0
mc_ID_11302,0
mc_ID_2277,0
mc_ID_14690,0
mc_ID_952,0
mc_ID_6849,0
mc_ID_12119,0
mc_ID_15935,0
mc_ID_16916,0
mc_ID_4044,0
mc_ID_4780,0
mc_ID_5749,0
mc_ID_8266,0
mc_ID_11603,0
mc_ID_18404,0
mc_ID_5141,0
mc_ID_11537,0
mc_ID_13646,0
mc_ID_11190,0
mc_ID_10513,0
mc_ID_10893,0
mc_ID_19396,0
mc_ID_9454,0
mc_ID_4508,0
mc_ID_14074,0
mc_ID_3426,0
mc_ID_8752,0
mc_ID_2022,0
mc_ID_17298,0
mc_ID_13152,0
mc_ID_1257,0
mc_ID_7158,0
mc_ID_8961,0
mc_ID_1625,0
mc_ID_15666,0
mc_ID_6974,0
mc_ID_10360,0
mc_ID_9404,0
mc_ID_18952,0
mc_ID_1310,0
mc_ID_10635,0
mc_ID_14829,0
mc_ID_15347,0
mc_ID_6660,0
mc_ID_8052,0
mc_ID_7285,0
mc_ID_8898,0
mc_ID_19092,0
mc_ID_9635,0
mc_ID_12982,0
mc_ID_11303,0
mc_ID_8850,0
mc_ID_2691,0
mc_ID_4823,0
mc_ID_16969,0
mc_ID_5035,0
mc_ID_4232,0
mc_ID_12032,0
mc_ID_9301,0
mc_ID_4403,0
mc_ID_9258,0
mc_ID_7919,0
mc_ID_10093,0
mc_ID_1263,0
mc_ID_9743,0
mc_ID_15056,0
mc_ID_10440,0
mc_ID_11307,0
mc_ID_12254,0
mc_ID_995,0
mc_ID_3496,0
mc_ID_10330,0
mc_ID_11754,0
mc_ID_11898,0
mc_ID_2454,0
mc_ID_9153,0
mc_ID_10842,0
mc_ID_606,0
mc_ID_2668,0
mc_ID_3596,0
mc_ID_13052,0
mc_ID_11586,0
mc_ID_4878,0
mc_ID_5593,0
mc_ID_210,0
mc_ID_6127,0
mc_ID_14304,0
mc_ID_13371,0
mc_ID_3592,0
mc_ID_9370,0
mc_ID_13854,0
mc_ID_5750,0
mc_ID_19237,0
mc_ID_4972,0
mc_ID_11569,0
mc_ID_9236,0
mc_ID_18780,0
mc_ID_14216,0
mc_ID_4407,0
mc_ID_13233,0
mc_ID_1469,0
mc_ID_13005,0
mc_ID_3405,0
mc_ID_14235,0
mc_ID_9052,0
mc_ID_14565,0
mc_ID_17,0
mc_ID_14866,0
mc_ID_817,0
mc_ID_17922,0
mc_ID_14796,0
mc_ID_3435,0
mc_ID_17048,0
mc_ID_5444,0
mc_ID_296,0
mc_ID_6973,0
mc_ID_6764,0
mc_ID_9285,0
mc_ID_16211,0
mc_ID_121,0
mc_ID_4659,0
mc_ID_3533,0
mc_ID_12472,0
mc_ID_2835,0
mc_ID_12835,0
mc_ID_16722,0
mc_ID_3356,0
mc_ID_12378,0
mc_ID_1935,0
mc_ID_9917,0
mc_ID_2191,0
mc_ID_9988,0
mc_ID_6,0
mc_ID_3120,0
mc_ID_18804,0
mc_ID_16101,0
mc_ID_3383,0
mc_ID_1952,0
mc_ID_19038,0
mc_ID_13478,0
mc_ID_11909,0
mc_ID_4851,0
mc_ID_7848,0
mc_ID_7562,0
mc_ID_6623,0
mc_ID_8761,0
mc_ID_19045,0
mc_ID_18125,0
mc_ID_17769,0
mc_ID_590,0
mc_ID_3949,0
mc_ID_5240,0
mc_ID_19106,0
mc_ID_149,0
mc_ID_10598,0
mc_ID_9063,0
mc_ID_10979,0
mc_ID_16308,0
mc_ID_11593,0
mc_ID_4551,0
mc_ID_8154,0
mc_ID_9695,0
mc_ID_18361,0
mc_ID_17724,0
mc_ID_3388,0
mc_ID_4359,0
mc_ID_4238,0
mc_ID_14510,0
mc_ID_16905,0
mc_ID_4347,0
mc_ID_9499,0
mc_ID_8039,0
mc_ID_13180,0
mc_ID_18716,0
mc_ID_10133,0
mc_ID_11306,0
mc_ID_684,0
mc_ID_6966,0
mc_ID_8613,0
mc_ID_1440,0
mc_ID_12080,0
mc_ID_18921,0
mc_ID_10307,0
mc_ID_6328,0
mc_ID_7188,0
mc_ID_2888,0
mc_ID_8865,0
mc_ID_9030,0
mc_ID_2965,0
mc_ID_1978,0
mc_ID_19225,0
mc_ID_13409,0
mc_ID_13532,0
mc_ID_12851,0
mc_ID_15684,0
mc_ID_2479,0
mc_ID_11556,0
mc_ID_14455,0
mc_ID_3069,0
mc_ID_17690,0
mc_ID_9742,0
mc_ID_10067,0
mc_ID_11474,0
mc_ID_16920,0
mc_ID_8454,0
mc_ID_4628,0
mc_ID_1858,0
mc_ID_1868,0
mc_ID_1790,0
mc_ID_5595,0
mc_ID_1904,0
mc_ID_594,0
mc_ID_17093,0
mc_ID_13883,0
mc_ID_13114,0
mc_ID_1575,0
mc_ID_14723,0
mc_ID_17820,0
mc_ID_4203,0
mc_ID_16682,0
mc_ID_14653,0
mc_ID_6782,0
mc_ID_7500,0
mc_ID_16418,0
mc_ID_18355,0
mc_ID_8177,0
mc_ID_4849,0
mc_ID_13118,0
mc_ID_6094,0
mc_ID_17449,0
mc_ID_2390,0
mc_ID_1208,0
mc_ID_18290,0
mc_ID_19221,0
mc_ID_327,0
mc_ID_9797,0
mc_ID_10639,0
mc_ID_4488,0
mc_ID_15176,0
mc_ID_16876,0
mc_ID_8993,0
mc_ID_8879,0
mc_ID_3223,0
mc_ID_1499,0
mc_ID_13077,0
mc_ID_4205,0
mc_ID_4041,0
mc_ID_8690,0
mc_ID_1961,0
mc_ID_16681,0
mc_ID_13035,0
mc_ID_15827,0
mc_ID_9964,0
mc_ID_15530,0
mc_ID_5989,0
mc_ID_11427,0
mc_ID_4497,0
mc_ID_8803,0
mc_ID_11538,0
mc_ID_11031,0
mc_ID_10680,0
mc_ID_5342,0
mc_ID_18188,0
mc_ID_16923,0
mc_ID_16145,0
mc_ID_16982,0
mc_ID_900,0
mc_ID_5484,0
mc_ID_12972,0
mc_ID_11539,0
mc_ID_4181,0
mc_ID_4216,0
mc_ID_6841,0
mc_ID_5839,0
mc_ID_5397,0
mc_ID_10899,0
mc_ID_12180,0
mc_ID_5584,0
mc_ID_1056,0
mc_ID_7132,0
mc_ID_17579,0
mc_ID_1457,0
mc_ID_12149,0
mc_ID_19148,0
mc_ID_19349,0
mc_ID_5467,0
mc_ID_11351,0
mc_ID_7638,0
mc_ID_14023,0
mc_ID_752,0
mc_ID_11598,0
mc_ID_5631,0
mc_ID_17384,0
mc_ID_7333,0
mc_ID_17552,0
mc_ID_2615,0
mc_ID_15204,0
mc_ID_1114,0
mc_ID_1513,0
mc_ID_5910,0
mc_ID_14045,0
mc_ID_6995,0
mc_ID_9900,0
mc_ID_17887,0
mc_ID_16210,0
mc_ID_18680,0
mc_ID_12458,0
mc_ID_10641,0
mc_ID_14025,0
mc_ID_16909,0
mc_ID_3274,0
mc_ID_1403,0
mc_ID_8713,0
mc_ID_5791,0
mc_ID_16504,0
mc_ID_4096,0
mc_ID_19192,0
mc_ID_1724,0
mc_ID_14236,0
mc_ID_11331,0
mc_ID_6590,0
mc_ID_13174,0
mc_ID_12671,0
mc_ID_10631,0
mc_ID_1872,0
mc_ID_1649,0
mc_ID_1224,0
mc_ID_5497,0
mc_ID_4564,0
mc_ID_7389,0
mc_ID_16396,0
mc_ID_13624,0
mc_ID_19117,0
mc_ID_12882,0
mc_ID_16813,0
mc_ID_14518,0
mc_ID_3871,0
mc_ID_4432,0
mc_ID_18674,0
mc_ID_12355,0
mc_ID_3558,0
mc_ID_4581,0
mc_ID_9270,0
mc_ID_2560,0
mc_ID_17295,0
mc_ID_14123,0
mc_ID_16850,0
mc_ID_18129,0
mc_ID_13046,0
mc_ID_2634,0
mc_ID_1751,0
mc_ID_18191,0
mc_ID_8205,0
mc_ID_4283,0
mc_ID_11734,0
mc_ID_11487,0
mc_ID_18609,0
mc_ID_10655,0
mc_ID_9223,0
mc_ID_5802,0
mc_ID_19394,0
mc_ID_12370,0
mc_ID_15334,0
mc_ID_16746,0
mc_ID_12694,0
mc_ID_11507,0
mc_ID_564,0
mc_ID_32,0
mc_ID_5172,0
mc_ID_14086,0
mc_ID_4877,0
mc_ID_954,0
mc_ID_17439,0
mc_ID_15795,0
mc_ID_5733,0
mc_ID_7529,0
mc_ID_9275,0
mc_ID_10539,0
mc_ID_1360,0
mc_ID_14203,0
mc_ID_3214,0
mc_ID_11016,0
mc_ID_6674,0
mc_ID_4121,0
mc_ID_15487,0
mc_ID_6004,0
mc_ID_16390,0
mc_ID_4393,0
mc_ID_103,0
mc_ID_1089,0
mc_ID_18953,0
mc_ID_5306,0
mc_ID_6864,0
mc_ID_4665,0
mc_ID_16791,0
mc_ID_2980,0
mc_ID_15981,0
mc_ID_10275,0
mc_ID_5751,0
mc_ID_15829,0
mc_ID_16298,0
mc_ID_3285,0
mc_ID_17641,0
mc_ID_18379,0
mc_ID_729,0
mc_ID_7479,0
mc_ID_16045,0
mc_ID_13707,0
mc_ID_18792,0
mc_ID_11605,0
mc_ID_11602,0
mc_ID_14060,0
mc_ID_10821,0
mc_ID_10687,0
mc_ID_11235,0
mc_ID_17896,0
mc_ID_10509,0
mc_ID_6954,0
mc_ID_13573,0
mc_ID_10756,0
mc_ID_6684,0
mc_ID_5677,0
mc_ID_9974,0
mc_ID_16883,0
mc_ID_15439,0
mc_ID_13214,0
mc_ID_4671,0
mc_ID_6530,0
mc_ID_3166,0
mc_ID_14200,0
mc_ID_17223,0
mc_ID_10091,0
mc_ID_2570,0
mc_ID_16902,0
mc_ID_16146,0
mc_ID_7552,0
mc_ID_962,0
mc_ID_7485,0
mc_ID_1033,0
mc_ID_14869,0
mc_ID_14789,0
mc_ID_18022,0
mc_ID_5852,0
mc_ID_17091,0
mc_ID_3546,0
mc_ID_14632,0
mc_ID_18131,0
mc_ID_15830,0
mc_ID_1240,0
mc_ID_5766,0
mc_ID_5721,0
mc_ID_16698,0
mc_ID_6064,0
mc_ID_5119,0
mc_ID_11869,0
mc_ID_942,0
mc_ID_4396,0
mc_ID_14349,0
mc_ID_3289,0
mc_ID_1476,0
mc_ID_7315,0
mc_ID_7049,0
mc_ID_6306,0
mc_ID_18108,0
mc_ID_2575,0
mc_ID_7090,0
mc_ID_3571,0
mc_ID_11874,0
mc_ID_1234,0
mc_ID_19140,0
mc_ID_17122,0
mc_ID_14129,0
mc_ID_6243,0
mc_ID_17898,0
mc_ID_5034,0
mc_ID_17918,0
mc_ID_2212,0
mc_ID_9634,0
mc_ID_6981,0
mc_ID_16147,0
mc_ID_2084,0
mc_ID_17407,0
mc_ID_18073,0
mc_ID_8117,0
mc_ID_11068,0
mc_ID_3163,0
mc_ID_17578,0
mc_ID_15033,0
mc_ID_7635,0
mc_ID_16571,0
mc_ID_14879,0
mc_ID_245,0
mc_ID_5169,0
mc_ID_5846,0
mc_ID_666,0
mc_ID_6111,0
mc_ID_419,0
mc_ID_8345,0
mc_ID_13439,0
mc_ID_4912,0
mc_ID_2624,0
mc_ID_12033,0
mc_id_9619,0
mc_ID_2531,0
mc_ID_14039,0
mc_ID_7175,0
mc_ID_4334,0
mc_ID_19228,0
mc_ID_984,0
mc_ID_12538,0
mc_ID_8168,0
mc_ID_12524,0
mc_ID_8824,0
mc_ID_8948,0
mc_ID_2886,0
mc_ID_17644,0
mc_ID_12868,0
mc_ID_5763,0
mc_ID_438,0
mc_ID_5958,0
mc_ID_16997,0
mc_ID_17338,0
mc_ID_7417,0
mc_ID_11012,0
mc_ID_17636,0
mc_ID_2750,0
mc_ID_10985,0
mc_ID_17890,0
mc_ID_8124,0
mc_ID_11164,0
mc_ID_6296,0
mc_ID_17074,0
mc_ID_15696,0
mc_ID_5434,0
mc_ID_7271,0
mc_ID_2600,0
mc_ID_8971,0
mc_ID_17251,0
mc_ID_6056,0
mc_ID_3651,0
mc_ID_7877,0
mc_ID_15542,0
mc_ID_3823,0
mc_ID_10123,0
mc_ID_1645,0
mc_ID_9101,0
mc_ID_1778,0
mc_ID_3371,0
mc_ID_12527,0
mc_ID_13414,0
mc_ID_4850,0
mc_ID_4033,0
mc_ID_19272,0
mc_ID_6084,0
mc_ID_15120,0
mc_ID_4956,0
mc_ID_12357,0
mc_ID_18962,0
mc_ID_16301,0
mc_ID_3211,0
mc_ID_10649,0
mc_ID_17425,0
mc_ID_2008,0
mc_ID_9838,0
mc_ID_8831,0
mc_ID_10009,0
mc_ID_14119,0
mc_ID_8515,0
mc_ID_4739,0
mc_ID_11889,0
mc_ID_11129,0
mc_ID_10459,0
mc_ID_5004,0
mc_ID_5775,0
mc_ID_14815,0
mc_ID_6295,0
mc_ID_1489,0
mc_ID_14181,0
mc_ID_14383,0
mc_ID_8101,0
mc_ID_7504,0
mc_ID_2493,0
mc_ID_3141,0
mc_ID_18992,0
mc_ID_4637,0
mc_ID_1786,0
mc_ID_16234,0
mc_ID_16349,0
mc_ID_939,0
mc_ID_5867,0
mc_ID_4356,0
mc_ID_411,0
mc_ID_9004,0
mc_ID_2755,0
mc_ID_4700,0
mc_ID_15734,0
mc_ID_10464,0
mc_ID_17436,0
mc_ID_17067,0
mc_ID_8122,0
mc_ID_8330,0
mc_ID_15525,0
mc_ID_7239,0
mc_ID_19402,0
mc_ID_12319,0
mc_ID_40,0
mc_ID_9763,0
mc_ID_379,0
mc_ID_5438,0
mc_ID_9944,0
mc_ID_8769,0
mc_ID_5827,0
mc_ID_15178,0
mc_ID_293,0
mc_ID_9417,0
mc_ID_8503,0
mc_ID_6594,0
mc_ID_2048,0
mc_ID_17052,0
mc_ID_10006,0
mc_ID_5003,0
mc_ID_534,0
mc_ID_1210,0
mc_ID_12814,0
mc_ID_15636,0
mc_ID_3413,0
mc_ID_15449,0
mc_ID_10577,0
mc_ID_9866,0
mc_ID_9083,0
mc_ID_11062,0
mc_ID_17108,0
mc_ID_4905,0
mc_ID_5678,0
mc_ID_5734,0
mc_ID_4942,0
mc_ID_13575,0
mc_ID_16819,0
mc_ID_5662,0
mc_ID_9350,0
mc_ID_7174,0
mc_ID_316,0
mc_ID_8309,0
mc_ID_509,0
mc_ID_2770,0
mc_ID_6504,0
mc_ID_4225,0
mc_ID_12600,0
mc_ID_4853,0
mc_ID_6200,0
mc_ID_9837,0
mc_ID_7660,0
mc_ID_13117,0
mc_ID_2495,0
mc_ID_15576,0
mc_ID_7016,0
mc_ID_17480,0
mc_ID_872,0
mc_ID_6918,0
mc_ID_19087,0
mc_ID_4416,0
mc_ID_98,0
mc_ID_5372,0
mc_ID_12123,0
mc_ID_5301,0
mc_ID_7292,0
mc_ID_405,0
mc_ID_10408,0
mc_ID_6076,0
mc_ID_9786,0
mc_ID_14716,0
mc_ID_2567,0
mc_ID_17483,0
mc_ID_7563,0
mc_ID_13806,0
mc_ID_7827,0
mc_ID_5045,0
mc_ID_3904,0
mc_ID_264,0
mc_ID_18457,0
mc_ID_15880,0
mc_ID_3707,0
mc_ID_10879,0
mc_ID_133,0
mc_ID_17737,0
mc_ID_6732,0
mc_ID_19132,0
mc_ID_13683,0
mc_ID_5877,0
mc_ID_11658,0
mc_ID_11777,0
mc_ID_1798,0
mc_ID_5799,0
mc_ID_17195,0
mc_ID_1955,0
mc_ID_550,0
mc_ID_1197,0
mc_ID_14072,0
mc_ID_16648,0
mc_ID_5671,0
mc_ID_14872,0
mc_ID_18274,0
mc_ID_13193,0
mc_ID_17309,0
mc_ID_19169,0
mc_ID_6512,0
mc_ID_11819,0
mc_ID_5354,0
mc_ID_10456,0
mc_ID_14779,0
mc_ID_4282,0
mc_ID_11058,0
mc_ID_13093,0
mc_ID_8559,0
mc_ID_216,0
mc_ID_17157,0
mc_ID_408,0
mc_ID_7412,0
mc_ID_7474,0
mc_ID_16505,0
mc_ID_482,0
mc_ID_15965,0
mc_ID_890,0
mc_ID_735,0
mc_ID_13470,0
mc_ID_1031,0
mc_ID_5866,0
mc_ID_12837,0
mc_ID_10211,0
mc_ID_18422,0
mc_ID_11741,0
mc_ID_15305,0
mc_ID_3627,0
mc_ID_10832,0
mc_ID_188,0
mc_ID_11184,0
mc_ID_3746,0
mc_ID_8261,0
mc_ID_7917,0
mc_ID_15230,0
mc_ID_7364,0
mc_ID_13168,0
mc_ID_12794,0
mc_ID_11029,0
mc_ID_15571,0
mc_ID_11513,0
mc_ID_16050,0
mc_ID_7642,0
mc_ID_10167,0
mc_ID_18321,0
mc_ID_14654,0
mc_ID_14615,0
mc_ID_10844,0
mc_ID_9660,0
mc_ID_1842,0
mc_ID_19208,0
mc_ID_19129,0
mc_ID_13320,0
mc_ID_3238,0
mc_ID_12494,0
mc_ID_3165,0
mc_ID_7699,0
mc_ID_18650,0
mc_ID_10632,0
mc_ID_12133,0
mc_ID_8511,0
mc_ID_15339,0
mc_ID_11343,0
mc_ID_13334,0
mc_ID_12519,0
mc_ID_158,0
mc_ID_16444,0
mc_ID_7100,0
mc_ID_10815,0
mc_ID_10434,0
mc_ID_2599,0
mc_ID_5929,0
mc_ID_12958,0
mc_ID_14898,0
mc_ID_13567,0
mc_ID_11198,0
mc_ID_2760,0
mc_ID_10798,0
mc_ID_14738,0
mc_ID_14790,0
mc_ID_19114,0
mc_ID_16885,0
mc_ID_8028,0
mc_ID_15766,0
mc_ID_7326,0
mc_ID_15093,0
mc_ID_10200,0
mc_ID_10992,0
mc_ID_11032,0
mc_ID_4081,0
mc_ID_3151,0
mc_ID_7441,0
mc_ID_7873,0
mc_ID_19079,0
mc_ID_17105,0
mc_ID_2001,0
mc_ID_17100,0
mc_ID_13942,0
mc_ID_16473,0
mc_ID_18075,0
mc_ID_1791,0
mc_ID_19168,0
mc_ID_6383,0
mc_ID_16192,0
mc_ID_9781,0
mc_ID_8156,0
mc_ID_6656,0
mc_ID_4215,0
mc_ID_6532,0
mc_ID_4583,0
mc_ID_11287,0
mc_ID_12609,0
mc_ID_1969,0
mc_ID_8299,0
mc_ID_13824,0
mc_ID_16248,0
mc_ID_18725,0
mc_ID_2414,0
mc_ID_15515,0
mc_ID_6936,0
mc_ID_7724,0
mc_ID_5363,0
mc_ID_17322,0
mc_ID_5913,0
mc_ID_12238,0
mc_ID_16402,0
mc_ID_10206,0
mc_ID_9654,0
mc_ID_13061,0
mc_ID_3332,0
mc_ID_14660,0
mc_ID_2231,0
mc_ID_15559,0
mc_ID_18318,0
mc_ID_11169,0
mc_ID_10995,0
mc_ID_9733,0
mc_ID_7924,0
mc_ID_3892,0
mc_ID_6760,0
mc_ID_8445,0
mc_ID_8356,0
mc_ID_4961,0
mc_ID_16564,0
mc_ID_17495,0
mc_ID_19249,0
mc_ID_1902,0
mc_ID_7857,0
mc_ID_16645,0
mc_ID_4662,0
mc_ID_5851,0
mc_ID_1885,0
mc_ID_5135,0
mc_ID_15478,0
mc_ID_2116,0
mc_ID_6943,0
mc_ID_11755,0
mc_ID_9812,0
mc_ID_16793,0
mc_ID_5822,0
mc_ID_9486,0
mc_ID_7468,0
mc_ID_2032,0
mc_ID_14887,0
mc_ID_914,0
mc_ID_19030,0
mc_ID_18890,0
mc_ID_2739,0
mc_ID_6023,0
mc_ID_475,0
mc_ID_7974,0
mc_ID_3048,0
mc_ID_12022,0
mc_ID_17394,0
mc_ID_12921,0
mc_ID_12347,0
mc_ID_8007,0
mc_ID_2381,0
mc_ID_15257,0
mc_ID_19094,0
mc_ID_2415,0
mc_ID_5858,0
mc_ID_9885,0
mc_ID_4982,0
mc_ID_5689,0
mc_ID_15685,0
mc_ID_5561,0
mc_ID_15592,0
mc_ID_14098,0
mc_ID_1028,0
mc_ID_3304,0
mc_ID_14427,0
mc_ID_18171,0
mc_ID_9946,0
mc_ID_10967,0
mc_ID_4819,0
mc_ID_19138,0
mc_ID_6213,0
mc_ID_18262,0
mc_ID_12678,0
mc_ID_12242,0
mc_ID_12034,0
mc_ID_2687,0
mc_ID_7524,0
mc_ID_18988,0
mc_ID_9187,0
mc_ID_16304,0
mc_ID_10135,0
mc_ID_3551,0
mc_ID_4765,0
mc_ID_10244,0
mc_ID_9565,0
mc_ID_339,0
mc_ID_15279,0
mc_ID_4195,0
mc_ID_10600,0
mc_ID_15548,0
mc_ID_4319,0
mc_ID_16605,0
mc_ID_10488,0
mc_ID_11918,0
mc_ID_23,0
mc_ID_14404,0
mc_ID_8469,0
mc_ID_9326,0
mc_ID_15851,0
mc_ID_2176,0
mc_ID_4867,0
mc_ID_2907,0
mc_ID_5414,0
mc_ID_12021,0
mc_ID_2262,0
mc_ID_1049,0
mc_ID_10470,0
mc_ID_11352,0
mc_ID_15955,0
mc_ID_2753,0
mc_ID_12699,0
mc_ID_11309,0
mc_ID_9987,0
mc_ID_9261,0
mc_ID_15759,0
mc_ID_7525,0
mc_ID_11971,0
mc_ID_12012,0
mc_ID_9664,0
mc_ID_12659,0
mc_ID_17747,0
mc_ID_4856,0
mc_ID_2823,0
mc_ID_17467,0
mc_ID_1447,0
mc_ID_7620,0
mc_ID_15068,0
mc_ID_9360,0
mc_ID_11671,0
mc_ID_7795,0
mc_ID_2298,0
mc_ID_11530,0
mc_ID_2042,0
mc_ID_10088,0
mc_ID_552,0
mc_ID_14677,0
mc_ID_6477,0
mc_ID_15075,0
mc_ID_679,0
mc_ID_11811,0
mc_ID_79,0
mc_ID_15626,0
mc_ID_16561,0
mc_ID_6228,0
mc_ID_11574,0
mc_ID_12480,0
mc_ID_3187,0
mc_ID_9247,0
mc_ID_6427,0
mc_ID_8932,0
mc_ID_6326,0
mc_ID_1717,0
mc_ID_10216,0
mc_ID_1218,0
mc_ID_18309,0
mc_ID_16927,0
mc_ID_13166,0
mc_ID_9542,0
mc_ID_2133,0
mc_ID_4518,0
mc_ID_77,0
mc_ID_3640,0
mc_ID_5879,0
mc_ID_8827,0
mc_ID_14551,0
mc_ID_763,0
mc_ID_2265,0
mc_ID_6937,0
mc_ID_3683,0
mc_ID_11057,0
mc_ID_13215,0
mc_ID_13091,0
mc_ID_16115,0
mc_ID_13105,0
mc_ID_3700,0
mc_ID_5552,0
mc_ID_11019,0
mc_ID_10787,0
mc_ID_15504,0
mc_ID_7930,0
mc_ID_14239,0
mc_ID_493,0
mc_ID_5847,0
mc_ID_4904,0
mc_ID_491,0
mc_ID_9706,0
mc_ID_14220,0
mc_ID_15494,0
mc_ID_1910,0
mc_ID_1881,0
mc_ID_7954,0
mc_ID_14921,0
mc_ID_212,0
mc_ID_5772,0
mc_ID_3386,0
mc_ID_3766,0
mc_ID_14618,0
mc_ID_10465,0
mc_ID_756,0
mc_ID_9738,0
mc_ID_18409,0
mc_ID_13917,0
mc_ID_5943,0
mc_ID_6575,0
mc_ID_1637,0
mc_ID_18070,0
mc_ID_818,0
mc_ID_12153,0
mc_ID_15758,0
mc_ID_17136,0
mc_ID_13102,0
mc_ID_9686,0
mc_ID_16453,0
mc_ID_10701,0
mc_ID_17685,0
mc_ID_948,0
mc_ID_888,0
mc_ID_4728,0
mc_ID_10867,0
mc_ID_6553,0
mc_ID_2592,0
mc_ID_3589,0
mc_ID_16849,0
mc_ID_711,0
mc_ID_10724,0
mc_ID_6522,0
mc_ID_4331,0
mc_ID_1759,0
mc_ID_1757,0
mc_ID_9859,0
mc_ID_18824,0
mc_ID_1661,0
mc_ID_1133,0
mc_ID_17867,0
mc_ID_11325,0
mc_ID_6984,0
mc_ID_9133,0
mc_ID_9895,0
mc_ID_7308,0
mc_ID_8079,0
mc_ID_12277,0
mc_ID_3858,0
mc_ID_15563,0
mc_ID_12233,0
mc_ID_5904,0
mc_ID_5955,0
mc_ID_10720,0
mc_ID_1410,0
mc_ID_17186,0
mc_ID_7148,0
mc_ID_9811,0
mc_ID_15668,0
mc_ID_11864,0
mc_ID_11386,0
mc_ID_5972,0
mc_ID_5517,0
mc_ID_11541,0
mc_ID_6771,0
mc_ID_8989,0
mc_ID_16124,0
mc_ID_5608,0
mc_ID_17233,0
mc_ID_3902,0
mc_ID_17179,0
mc_ID_8774,0
mc_ID_13666,0
mc_ID_16980,0
mc_ID_12503,0
mc_ID_16023,0
mc_ID_11317,0
mc_ID_15218,0
mc_ID_1899,0
mc_ID_5828,0
mc_ID_6443,0
mc_ID_19099,0
mc_ID_10604,0
mc_ID_8789,0
mc_ID_6474,0
mc_ID_7693,0
mc_ID_18784,0
mc_ID_13354,0
mc_ID_3143,0
mc_ID_6494,0
mc_ID_10830,0
mc_ID_11293,0
mc_ID_17160,0
mc_ID_17695,0
mc_ID_18641,0
mc_ID_2046,0
mc_ID_16165,0
mc_ID_5723,0
mc_ID_2138,0
mc_ID_960,0
mc_ID_1025,0
mc_ID_7436,0
mc_ID_10425,0
mc_ID_19321,0
mc_ID_3852,0
mc_ID_325,0
mc_ID_14302,0
mc_ID_18195,0
mc_ID_7115,0
mc_ID_7355,0
mc_ID_7426,0
mc_ID_11438,0
mc_ID_4136,0
mc_ID_13059,0
mc_ID_7242,0
mc_ID_15156,0
mc_ID_11675,0
mc_ID_3009,0
mc_ID_5837,0
mc_ID_2164,0
mc_ID_8291,0
mc_ID_9843,0
mc_ID_13706,0
mc_ID_10279,0
mc_ID_5335,0
mc_ID_17423,0
mc_ID_6548,0
mc_ID_4750,0
mc_ID_11717,0
mc_ID_15691,0
mc_ID_6662,0
mc_ID_5262,0
mc_ID_3960,0
mc_ID_9078,0
mc_ID_9953,0
mc_ID_4269,0
mc_ID_17284,0
mc_ID_2045,0
mc_ID_9045,0
mc_ID_8216,0
mc_ID_4126,0
mc_ID_3834,0
mc_ID_12911,0
mc_ID_17307,0
mc_ID_14521,0
mc_ID_10890,0
mc_ID_14707,0
mc_ID_5427,0
mc_ID_3986,0
mc_ID_35,0
mc_ID_625,0
mc_ID_8364,0
mc_ID_163,0
mc_ID_9098,0
mc_ID_5473,0
mc_ID_13770,0
mc_ID_18301,0
mc_ID_9867,0
mc_ID_18852,0
mc_ID_19016,0
mc_ID_13312,0
mc_ID_8440,0
mc_ID_8878,0
mc_ID_7782,0
mc_ID_2324,0
mc_ID_9348,0
mc_ID_10003,0
mc_ID_19061,0
mc_ID_8395,0
mc_ID_18660,0
mc_ID_15762,0
mc_ID_4223,0
mc_ID_2583,0
mc_ID_6536,0
mc_ID_1863,0
mc_ID_5170,0
mc_ID_18812,0
mc_ID_19365,0
mc_ID_18590,0
mc_ID_16523,0
mc_ID_12839,0
mc_ID_10911,0
mc_ID_6657,0
mc_ID_10987,0
mc_ID_6789,0
mc_ID_5200,0
mc_ID_15112,0
mc_ID_8829,0
mc_ID_5952,0
mc_ID_12557,0
mc_ID_14048,0
mc_ID_3253,0
mc_ID_469,0
mc_ID_2297,0
mc_ID_12026,0
mc_ID_19298,0
mc_ID_15562,0
mc_ID_15297,0
mc_ID_383,0
mc_ID_2353,0
mc_ID_15885,0
mc_ID_499,0
mc_ID_13578,0
mc_ID_3305,0
mc_ID_3971,0
mc_ID_14016,0
mc_ID_14743,0
mc_ID_728,0
mc_ID_18,0
mc_ID_10578,0
mc_ID_11110,0
mc_ID_12178,0
mc_ID_3579,0
mc_ID_4636,0
mc_ID_6607,0
mc_ID_376,0
mc_ID_1750,0
mc_ID_1488,0
mc_ID_15501,0
mc_ID_8085,0
mc_ID_1366,0
mc_ID_13598,0
mc_ID_2956,0
mc_ID_13754,0
mc_ID_12842,0
mc_ID_16265,0
mc_ID_2499,0
mc_ID_839,0
mc_ID_2290,0
mc_ID_5727,0
mc_ID_17683,0
mc_ID_4507,0
mc_ID_6311,0
mc_ID_12045,0
mc_ID_1315,0
mc_ID_10355,0
mc_ID_2242,0
mc_ID_6835,0
mc_ID_769,0
mc_ID_304,0
mc_ID_2831,0
mc_ID_6337,0
mc_ID_831,0
mc_ID_6143,0
mc_ID_9176,0
mc_ID_18697,0
mc_ID_15790,0
mc_ID_2616,0
mc_ID_6402,0
mc_ID_11183,0
mc_ID_9675,0
mc_ID_87,0
mc_ID_7776,0
mc_ID_1401,0
mc_ID_6573,0
mc_ID_14801,0
mc_ID_19070,0
mc_ID_2226,0
mc_ID_5703,0
mc_ID_19049,0
mc_ID_1163,0
mc_ID_13359,0
mc_ID_18130,0
mc_ID_15003,0
mc_ID_18308,0
mc_ID_2452,0
mc_ID_6083,0
mc_ID_15984,0
mc_ID_4930,0
mc_ID_5657,0
mc_ID_3473,0
mc_ID_18572,0
mc_ID_11536,0
mc_ID_9065,0
mc_ID_9691,0
mc_ID_1285,0
mc_ID_9963,0
mc_ID_3349,0
mc_ID_16604,0
mc_ID_12551,0
mc_ID_16254,0
mc_ID_12724,0
mc_ID_1112,0
mc_ID_12165,0
mc_ID_1246,0
mc_ID_17562,0
mc_ID_10147,0
mc_ID_11194,0
mc_ID_7528,0
mc_ID_7272,0
mc_ID_3907,0
mc_ID_17132,0
mc_ID_11839,0
mc_ID_11892,0
mc_ID_446,0
mc_ID_13203,0
mc_ID_14440,0
mc_ID_16579,0
mc_ID_18374,0
mc_ID_1369,0
mc_ID_6769,0
mc_ID_3064,0
mc_ID_11006,0
mc_ID_5071,0
mc_ID_2789,0
mc_ID_11797,0
mc_ID_9732,0
mc_ID_17801,0
mc_ID_2362,0
mc_ID_3071,0
mc_ID_18726,0
mc_ID_7192,0
mc_ID_12327,0
mc_ID_13304,0
mc_ID_13947,0
mc_ID_15889,0
mc_ID_228,0
mc_ID_9961,0
mc_ID_14017,0
mc_ID_15454,0
mc_ID_8908,0
mc_ID_11924,0
mc_ID_11570,0
mc_ID_13228,0
mc_ID_16509,0
mc_ID_11624,0
mc_ID_13261,0
mc_ID_11140,0
mc_ID_18049,0
mc_ID_713,0
mc_ID_8977,0
mc_ID_11160,0
mc_ID_7956,0
mc_ID_1215,0
mc_ID_18350,0
mc_ID_4604,0
mc_ID_17084,0
mc_ID_8361,0
mc_ID_647,0
mc_ID_9916,0
mc_ID_7579,0
mc_ID_6432,0
mc_ID_14795,0
mc_ID_14330,0
mc_ID_5773,0
mc_ID_15298,0
mc_ID_15587,0
mc_ID_9205,0
mc_ID_17232,0
mc_ID_2715,0
mc_ID_12478,0
mc_ID_18319,0
mc_ID_12849,0
mc_ID_13064,0
mc_ID_4053,0
mc_ID_7372,0
mc_ID_19336,0
mc_ID_9154,0
mc_ID_18170,0
mc_ID_10032,0
mc_ID_9089,0
mc_ID_15511,0
mc_ID_7736,0
mc_ID_8407,0
mc_ID_10805,0
mc_ID_4896,0
mc_ID_2071,0
mc_ID_17668,0
mc_ID_5338,0
mc_ID_16430,0
mc_ID_18349,0
mc_ID_8396,0
mc_ID_7003,0
mc_ID_18077,0
mc_ID_561,0
mc_ID_8701,0
mc_ID_1420,0
mc_ID_4949,0
mc_ID_17732,0
mc_ID_6021,0
mc_ID_8392,0
mc_ID_15105,0
mc_ID_7228,0
mc_ID_18738,0
mc_ID_10926,0
mc_ID_2973,0
mc_ID_17787,0
mc_ID_11224,0
mc_ID_4699,0
mc_ID_10579,0
mc_ID_8858,0
mc_ID_10188,0
mc_ID_2369,0
mc_ID_15788,0
mc_ID_7979,0
mc_ID_6904,0
mc_ID_10018,0
mc_ID_17677,0
mc_ID_13571,0
mc_ID_4835,0
mc_ID_15705,0
mc_ID_5278,0
mc_ID_2287,0
mc_ID_6077,0
mc_ID_18661,0
mc_ID_14426,0
mc_ID_3022,0
mc_ID_2159,0
mc_ID_15903,0
mc_ID_8835,0
mc_ID_10618,0
mc_ID_14279,0
mc_ID_5933,0
mc_ID_8719,0
mc_ID_16355,0
mc_ID_10541,0
mc_ID_17687,0
mc_ID_12397,0
mc_ID_5241,0
mc_ID_750,0
mc_ID_3855,0
mc_ID_7153,0
mc_ID_17096,0
mc_ID_7345,0
mc_ID_12652,0
mc_ID_8560,0
mc_ID_12138,0
mc_ID_7556,0
mc_ID_8832,0
mc_ID_198,0
mc_ID_2885,0
mc_ID_1470,0
mc_ID_10964,0
mc_ID_2421,0
mc_ID_1041,0
mc_ID_3880,0
mc_ID_17777,0
mc_ID_13330,0
mc_ID_5832,0
mc_ID_15937,0
mc_ID_166,0
mc_ID_5656,0
mc_ID_8746,0
mc_ID_410,0
mc_ID_492,0
mc_ID_15052,0
mc_ID_6694,0
mc_ID_15787,0
mc_ID_2416,0
mc_ID_16968,0
mc_ID_16235,0
mc_ID_5993,0
mc_ID_14756,0
mc_ID_6911,0
mc_ID_3247,0
mc_ID_17424,0
mc_ID_15383,0
mc_ID_17760,0
mc_ID_5554,0
mc_ID_8334,0
mc_ID_2602,0
mc_ID_18297,0
mc_ID_12092,0
mc_ID_3574,0
mc_ID_2655,0
mc_ID_1749,0
mc_ID_9931,0
mc_ID_5925,0
mc_ID_12375,0
mc_ID_3457,0
mc_ID_12923,0
mc_ID_18886,0
mc_ID_13235,0
mc_ID_13862,0
mc_ID_7236,0
mc_ID_16577,0
mc_ID_4335,0
mc_ID_2996,0
mc_ID_17725,0
mc_ID_8662,0
mc_ID_14959,0
mc_ID_11688,0
mc_ID_4068,0
mc_ID_14883,0
mc_ID_213,0
mc_ID_15983,0
mc_ID_12146,0
mc_ID_11803,0
mc_ID_4773,0
mc_ID_17276,0
mc_ID_2184,0
mc_ID_10592,0
mc_ID_17400,0
mc_ID_16600,0
mc_ID_5109,0
mc_ID_4527,0
mc_ID_7423,0
mc_ID_3939,0
mc_ID_626,0
mc_ID_4730,0
mc_ID_10010,0
mc_ID_18341,0
mc_ID_14629,0
mc_ID_9313,0
mc_ID_11216,0
mc_ID_15510,0
mc_ID_11326,0
mc_ID_18306,0
mc_ID_16466,0
mc_ID_1253,0
mc_ID_6758,0
mc_ID_6852,0
mc_ID_10807,0
mc_ID_14111,0
mc_ID_1029,0
mc_ID_11582,0
mc_ID_4714,0
mc_ID_4975,0
mc_ID_7597,0
mc_ID_18511,0
mc_ID_13941,0
mc_ID_4095,0
mc_ID_16529,0
mc_ID_6043,0
mc_ID_10886,0
mc_ID_6748,0
mc_ID_15655,0
mc_ID_6092,0
mc_ID_14150,0
mc_ID_2266,0
mc_ID_8001,0
mc_ID_14579,0
mc_ID_9976,0
mc_ID_1599,0
mc_ID_14771,0
mc_ID_6069,0
mc_ID_6964,0
mc_ID_1023,0
mc_ID_3925,0
mc_ID_5058,0
mc_ID_9577,0
mc_ID_4147,0
mc_ID_2881,0
mc_ID_18332,0
mc_ID_5767,0
mc_ID_11511,0
mc_ID_8138,0
mc_ID_319,0
mc_ID_8036,0
mc_ID_8276,0
mc_ID_16705,0
mc_ID_11699,0
mc_ID_9533,0
mc_ID_14243,0
mc_ID_7826,0
mc_ID_2595,0
mc_ID_986,0
mc_ID_15424,0
mc_ID_15619,0
mc_ID_3125,0
mc_ID_10328,0
mc_ID_7856,0
mc_ID_1060,0
mc_ID_10268,0
mc_ID_6201,0
mc_ID_13423,0
mc_ID_2843,0
mc_ID_14105,0
mc_ID_5511,0
mc_ID_3429,0
mc_ID_16347,0
mc_ID_2639,0
mc_ID_8018,0
mc_ID_4072,0
mc_ID_9173,0
mc_ID_17533,0
mc_ID_15926,0
mc_ID_7828,0
mc_ID_9437,0
mc_ID_11950,0
mc_ID_15445,0
mc_ID_2892,0
mc_ID_6227,0
mc_ID_11150,0
mc_ID_518,0
mc_ID_3483,0
mc_ID_6580,0
mc_ID_15633,0
mc_ID_16121,0
mc_ID_8817,0
mc_ID_3113,0
mc_ID_12889,0
mc_ID_18591,0
mc_ID_8436,0
mc_ID_16608,0
mc_ID_10708,0
mc_ID_3918,0
mc_ID_11083,0
mc_ID_17081,0
mc_ID_11086,0
mc_ID_18817,0
mc_ID_16915,0
mc_ID_10124,0
mc_ID_3221,0
mc_ID_10706,0
mc_ID_11253,0
mc_ID_5167,0
mc_ID_3410,0
mc_ID_7332,0
mc_ID_14033,0
mc_ID_16894,0
mc_ID_1854,0
mc_ID_19120,0
mc_ID_17016,0
mc_ID_13963,0
mc_ID_7888,0
mc_ID_744,0
mc_ID_1949,0
mc_ID_3085,0
mc_ID_18778,0
mc_ID_18833,0
mc_ID_8126,0
mc_ID_8818,0
mc_ID_17776,0
mc_ID_7144,0
mc_ID_1981,0
mc_ID_4555,0
mc_ID_6220,0
mc_ID_10555,0
mc_ID_4955,0
mc_ID_2083,0
mc_ID_13419,0
mc_ID_13550,0
mc_ID_13217,0
mc_ID_3899,0
mc_ID_2023,0
mc_ID_6598,0
mc_ID_17434,0
mc_ID_8212,0
mc_ID_18694,0
mc_ID_4064,0
mc_ID_7568,0
mc_ID_11842,0
mc_ID_19044,0
mc_ID_18050,0
mc_ID_5936,0
mc_ID_18012,0
mc_ID_9012,0
mc_ID_13632,0
mc_ID_11120,0
mc_ID_15444,0
mc_ID_455,0
mc_ID_4058,0
mc_ID_18932,0
mc_ID_975,0
mc_ID_843,0
mc_ID_4710,0
mc_ID_3119,0
mc_ID_6446,0
mc_ID_5823,0
mc_ID_11625,0
mc_ID_15738,0
mc_ID_17357,0
mc_ID_8186,0
mc_ID_6625,0
mc_ID_10671,0
mc_ID_4037,0
mc_ID_9817,0
mc_ID_11471,0
mc_ID_11663,0
mc_ID_256,0
mc_ID_2745,0
mc_ID_10109,0
mc_ID_5735,0
mc_ID_3599,0
mc_ID_17190,0
mc_ID_11377,0
mc_ID_8553,0
mc_ID_8874,0
mc_ID_4587,0
mc_ID_13198,0
mc_ID_18894,0
mc_ID_19102,0
mc_ID_9728,0
mc_ID_6080,0
mc_ID_2276,0
mc_ID_9211,0
mc_ID_5529,0
mc_ID_6959,0
mc_ID_6506,0
mc_ID_10370,0
mc_ID_3292,0
mc_ID_3930,0
mc_ID_18181,0
mc_ID_7742,0
mc_ID_557,0
mc_ID_16202,0
mc_ID_895,0
mc_ID_6778,0
mc_ID_11737,0
mc_ID_7890,0
mc_ID_9343,0
mc_ID_1016,0
mc_ID_4855,0
mc_ID_1243,0
mc_ID_17879,0
mc_ID_10971,0
mc_ID_12708,0
mc_ID_15121,0
mc_ID_9744,0
mc_ID_10602,0
mc_ID_14281,0
mc_ID_10402,0
mc_ID_15446,0
mc_ID_18373,0
mc_ID_2345,0
mc_ID_7293,0
mc_ID_1071,0
mc_ID_7963,0
mc_ID_13422,0
mc_ID_2693,0
mc_ID_17001,0
mc_ID_2161,0
mc_ID_6654,0
mc_ID_3976,0
mc_ID_15080,0
mc_ID_4847,0
mc_ID_14817,0
mc_ID_1425,0
mc_ID_1806,0
mc_ID_141,0
mc_ID_1321,0
mc_ID_1997,0
mc_ID_6909,0
mc_ID_15000,0
mc_ID_10260,0
mc_ID_1154,0
mc_ID_9677,0
mc_ID_4974,0
mc_ID_2641,0
mc_ID_15724,0
mc_ID_11396,0
mc_ID_14806,0
mc_ID_9560,0
mc_ID_5833,0
mc_ID_17240,0
mc_ID_7859,0
mc_ID_7357,0
mc_ID_18667,0
mc_ID_1665,0
mc_ID_12805,0
mc_ID_12582,0
mc_ID_8649,0
mc_ID_13690,0
mc_ID_12047,0
mc_ID_6929,0
mc_ID_3974,0
mc_ID_16215,0
mc_ID_8685,0
mc_ID_10137,0
mc_ID_5470,0
mc_ID_17980,0
mc_ID_13036,0
mc_ID_1901,0
mc_ID_5645,0
mc_ID_11053,0
mc_ID_12114,0
mc_ID_11859,0
mc_ID_7583,0
mc_ID_16154,0
mc_ID_16073,0
mc_ID_2780,0
mc_ID_19271,0
mc_ID_10416,0
mc_ID_16292,0
mc_ID_11027,0
mc_ID_18730,0
mc_ID_4691,0
mc_ID_17182,0
mc_ID_5782,0
mc_ID_4320,0
mc_ID_7035,0
mc_ID_11067,0
mc_ID_8176,0
mc_ID_15925,0
mc_ID_4830,0
mc_ID_16624,0
mc_ID_8787,0
mc_ID_266,0
mc_ID_18464,0
mc_ID_11246,0
mc_ID_6511,0
mc_ID_6490,0
mc_ID_12915,0
mc_ID_19188,0
mc_ID_5544,0
mc_ID_6602,0
mc_ID_16290,0
mc_ID_16026,0
mc_ID_1143,0
mc_ID_17662,0
mc_ID_13922,0
mc_ID_4461,0
mc_ID_12679,0
mc_ID_3002,0
mc_ID_12171,0
mc_ID_5964,0
mc_ID_14908,0
mc_ID_14673,0
mc_ID_14268,0
mc_ID_18919,0
mc_ID_1933,0
mc_ID_10061,0
mc_ID_905,0
mc_ID_18276,0
mc_ID_7173,0
mc_ID_643,0
mc_ID_10789,0
mc_ID_12448,0
mc_ID_6837,0
mc_ID_13317,0
mc_ID_8283,0
mc_ID_17764,0
mc_ID_8921,0
mc_ID_3421,0
mc_ID_3933,0
mc_ID_2808,0
mc_ID_336,0
mc_ID_12279,0
mc_ID_16996,0
mc_ID_8617,0
mc_ID_15323,0
mc_ID_1908,0
mc_ID_1426,0
mc_ID_13776,0
mc_ID_13365,0
mc_ID_14747,0
mc_ID_7809,0
mc_ID_2914,0
mc_ID_585,0
mc_ID_17848,0
mc_ID_19262,0
mc_ID_12190,0
mc_ID_6751,0
mc_ID_10793,0
mc_ID_9167,0
mc_ID_15647,0
mc_ID_8444,0
mc_ID_252,0
mc_ID_11024,0
mc_ID_19385,0
mc_ID_3869,0
mc_ID_1340,0
mc_ID_14841,0
mc_ID_11404,0
mc_ID_14187,0
mc_ID_9816,0
mc_ID_15519,0
mc_ID_1962,0
mc_ID_11340,0
mc_ID_18429,0
mc_ID_11426,0
mc_ID_15873,0
mc_ID_8250,0
mc_ID_1537,0
mc_ID_11451,0
mc_ID_4575,0
mc_ID_8009,0
mc_ID_9321,0
mc_ID_10525,0
mc_ID_3886,0
mc_ID_580,0
mc_ID_1882,0
mc_ID_10310,0
mc_ID_11790,0
mc_ID_16879,0
mc_ID_8133,0
mc_ID_16076,0
mc_ID_13136,0
mc_ID_2925,0
mc_ID_6448,0
mc_ID_18345,0
mc_ID_8891,0
mc_ID_2487,0
mc_ID_18288,0
mc_ID_7863,0
mc_ID_5214,0
mc_ID_781,0
mc_ID_16717,0
mc_ID_4243,0
mc_ID_7772,0
mc_ID_8632,0
mc_ID_13362,0
mc_ID_1720,0
mc_ID_6722,0
mc_ID_15784,0
mc_ID_17367,0
mc_ID_13927,0
mc_ID_13566,0
mc_ID_11601,0
mc_ID_12817,0
mc_ID_11965,0
mc_ID_1043,0
mc_ID_652,0
mc_ID_683,0
mc_ID_730,0
mc_ID_10923,0
mc_ID_12086,0
mc_ID_12549,0
mc_ID_8913,0
mc_ID_10489,0
mc_ID_4069,0
mc_ID_7413,0
mc_ID_3913,0
mc_ID_15143,0
mc_ID_882,0
mc_ID_19307,0
mc_ID_2322,0
mc_ID_18367,0
mc_ID_12069,0
mc_ID_2520,0
mc_ID_5243,0
mc_ID_6894,0
mc_ID_2537,0
mc_ID_5204,0
mc_ID_16086,0
mc_ID_9130,0
mc_ID_2684,0
mc_ID_6398,0
mc_ID_854,0
mc_ID_18807,0
mc_ID_18221,0
mc_ID_4593,0
mc_ID_9331,0
mc_ID_6487,0
mc_ID_14068,0
mc_ID_9194,0
mc_ID_3996,0
mc_ID_613,0
mc_ID_9463,0
mc_ID_15146,0
mc_ID_11666,0
mc_ID_15413,0
mc_ID_14530,0
mc_ID_992,0
mc_ID_15132,0
mc_ID_17868,0
mc_ID_6627,0
mc_ID_12743,0
mc_ID_6073,0
mc_ID_5698,0
mc_ID_5755,0
mc_ID_7343,0
mc_ID_10869,0
mc_ID_16685,0
mc_ID_5699,0
mc_ID_14581,0
mc_ID_13965,0
mc_ID_1359,0
mc_ID_4062,0
mc_ID_13441,0
mc_ID_4376,0
mc_ID_9819,0
mc_ID_10384,0
mc_ID_6429,0
mc_ID_9527,0
mc_ID_2114,0
mc_ID_5600,0
mc_ID_15650,0
mc_ID_1913,0
mc_ID_637,0
mc_ID_1814,0
mc_ID_282,0
mc_ID_18000,0
mc_ID_2259,0
mc_ID_3236,0
mc_ID_8646,0
mc_ID_14973,0
mc_ID_4022,0
mc_ID_9610,0
mc_ID_12124,0
mc_ID_10343,0
mc_ID_2292,0
mc_ID_10169,0
mc_ID_11188,0
mc_ID_18801,0
mc_ID_18906,0
mc_ID_2838,0
mc_ID_13569,0
mc_ID_18305,0
mc_ID_4848,0
mc_ID_7408,0
mc_ID_6728,0
mc_ID_12416,0
mc_ID_1578,0
mc_ID_424,0
mc_ID_2379,0
mc_ID_3376,0
mc_ID_6366,0
mc_ID_12137,0
mc_ID_11089,0
mc_ID_1275,0
mc_ID_17639,0
mc_ID_16845,0
mc_ID_12522,0
mc_ID_16439,0
mc_ID_15436,0
mc_ID_1406,0
mc_ID_9297,0
mc_ID_7136,0
mc_ID_11821,0
mc_ID_3593,0
mc_ID_4526,0
mc_ID_2576,0
mc_ID_354,0
mc_ID_13775,0
mc_ID_10037,0
mc_ID_3228,0
mc_ID_7682,0
mc_ID_3840,0
mc_ID_8888,0
mc_ID_7751,0
mc_ID_17632,0
mc_ID_4553,0
mc_ID_11522,0
mc_ID_2557,0
mc_ID_16392,0
mc_ID_8542,0
mc_ID_12961,0
mc_ID_9269,0
mc_ID_9876,0
mc_ID_11403,0
mc_ID_11718,0
mc_ID_8995,0
mc_ID_10839,0
mc_ID_10959,0
mc_ID_8118,0
mc_ID_3217,0
mc_ID_8583,0
mc_ID_18978,0
mc_ID_4337,0
mc_ID_12711,0
mc_ID_6761,0
mc_ID_14671,0
mc_ID_9911,0
mc_ID_14845,0
